city,method,wait_time
Berlin,Bike,18.588751096934494
Berlin,Bike,15.935241344840115
Berlin,Bike,18.13714003960375
Berlin,Bike,20.781377125448564
Berlin,Bike,14.743032218144942
Berlin,Bike,14.645151213419553
Berlin,Bike,21.395012953781887
Berlin,Bike,18.963632386545754
Berlin,Bike,15.609526889563059
Berlin,Bike,19.07229609259453
Berlin,Bike,14.325840158495518
Berlin,Bike,14.298995116840429
Berlin,Bike,17.32683674700659
Berlin,Bike,10.309878340914407
Berlin,Bike,11.035797150972417
Berlin,Bike,14.901756887231286
Berlin,Bike,14.168830115343496
Berlin,Bike,16.355224404923476
Berlin,Bike,12.746864562163923
Berlin,Bike,10.861784935181486
Berlin,Bike,20.260360333374095
Berlin,Bike,14.35927520275125
Berlin,Bike,15.829191562245882
Berlin,Bike,11.508050027046755
Berlin,Bike,13.704482486738973
Berlin,Bike,16.226400299275774
Berlin,Bike,11.577994329834565
Berlin,Bike,16.165157554319805
Berlin,Bike,14.927435299781722
Berlin,Bike,14.571503774827914
Berlin,Bike,13.330769204609238
Berlin,Bike,21.295488141805826
Berlin,Bike,16.42915626623193
Berlin,Bike,12.069985216562202
Berlin,Bike,18.44285435496606
Berlin,Bike,11.426680079076831
Berlin,Bike,15.679655880924575
Berlin,Bike,9.878898568986195
Berlin,Bike,11.79335229599945
Berlin,Bike,16.605121155811986
Berlin,Bike,18.510360302902917
Berlin,Bike,19.237661852269905
Berlin,Bike,15.379346272065636
Berlin,Bike,14.486708627338112
Berlin,Bike,12.150088008630405
Berlin,Bike,13.156318840252013
Berlin,Bike,14.19606711839394
Berlin,Bike,18.253071847240417
Berlin,Bike,16.056532478246858
Berlin,Bike,12.998259457180401
Berlin,Bike,17.780019550299446
Berlin,Bike,15.035395891550392
Berlin,Bike,13.495093643547266
Berlin,Bike,17.025335402664712
Berlin,Bike,18.26311930906071
Berlin,Bike,18.08184634647518
Berlin,Bike,13.279138078645397
Berlin,Bike,15.326212160223132
Berlin,Bike,17.07318064390749
Berlin,Bike,18.255047642756075
Berlin,Bike,16.660580785020436
Berlin,Bike,15.782040474883775
Berlin,Bike,12.489225559913248
Berlin,Bike,12.357410599795422
Berlin,Bike,17.981615332714643
Berlin,Bike,19.35338137798653
Berlin,Bike,15.22398376458211
Berlin,Bike,19.428780541432786
Berlin,Bike,16.099406154863708
Berlin,Bike,13.188021128424603
Berlin,Bike,16.131281193477765
Berlin,Bike,19.6556911513152
Berlin,Bike,16.826724916285805
Berlin,Bike,20.910171579142705
Berlin,Bike,7.783549282143659
Berlin,Bike,17.568664431573485
Berlin,Bike,15.937659170511747
Berlin,Bike,14.744428280696766
Berlin,Bike,15.46547704240673
Berlin,Bike,9.606192387499645
Berlin,Bike,14.849320951070672
Berlin,Bike,17.028060147448375
Berlin,Bike,20.44179667026546
Berlin,Bike,13.491551669199593
Berlin,Bike,13.0439031959755
Berlin,Bike,14.47785386402912
Berlin,Bike,18.445645805714015
Berlin,Bike,17.92760278215449
Berlin,Bike,14.485694152753881
Berlin,Bike,16.717655168107374
Berlin,Bike,15.364415084300362
Berlin,Bike,18.93432911870756
Berlin,Bike,12.920709791035339
Berlin,Bike,14.898360938013987
Berlin,Bike,16.64093099599068
Berlin,Bike,11.466237601181188
Berlin,Bike,16.379661523417635
Berlin,Bike,16.81399297438465
Berlin,Bike,15.628296343978475
Berlin,Bike,15.085052960450877
Berlin,Bike,13.592014920081755
Berlin,Bike,14.22599155905411
Berlin,Bike,17.220948311926445
Berlin,Bike,14.950744376105064
Berlin,Bike,14.734039125942422
Berlin,Bike,16.28403672574677
Berlin,Bike,20.76478303911322
Berlin,Bike,15.54212332634275
Berlin,Bike,15.871856183824047
Berlin,Bike,15.925537125278666
Berlin,Bike,9.317535981049302
Berlin,Bike,15.304615561947218
Berlin,Bike,17.044216669920356
Berlin,Bike,22.41327334063657
Berlin,Bike,16.10744761184259
Berlin,Bike,16.235725493840466
Berlin,Bike,15.021614810713379
Berlin,Bike,12.687121295581317
Berlin,Bike,19.41986761997828
Berlin,Bike,19.355214912147268
Berlin,Bike,18.701389419893545
Berlin,Bike,13.898833441609762
Berlin,Bike,19.539716795115037
Berlin,Bike,10.989780107663604
Berlin,Bike,18.149327677406234
Berlin,Bike,23.215576060673353
Berlin,Bike,16.685395914748163
Berlin,Bike,13.833186165344289
Berlin,Bike,15.764198007224655
Berlin,Bike,14.98752754099499
Berlin,Bike,10.764743377732355
Berlin,Bike,17.875826848817407
Berlin,Bike,13.767928015987936
Berlin,Bike,16.981132901347703
Berlin,Bike,13.631512013794051
Berlin,Bike,21.054436201907638
Berlin,Bike,12.759077641798006
Berlin,Bike,16.362261132250605
Berlin,Bike,18.144259141865763
Berlin,Bike,13.058739608221465
Berlin,Bike,16.068115229976897
Berlin,Bike,21.18021877739321
Berlin,Bike,10.670538750376489
Berlin,Bike,15.564798382212087
Berlin,Bike,18.137555679707724
Berlin,Bike,17.441194225880405
Berlin,Bike,11.673801500750793
Berlin,Bike,14.035602543935457
Berlin,Bike,19.573774236954684
Berlin,Bike,16.742951310754822
Berlin,Bike,16.750708631428154
Berlin,Bike,16.634359292113786
Berlin,Bike,13.306948614010725
Berlin,Bike,16.0952474260334
Berlin,Bike,16.99554099982455
Berlin,Bike,14.252783619583973
Berlin,Bike,22.165518949655418
Berlin,Bike,17.9803297945841
Berlin,Bike,11.521726454932374
Berlin,Bike,17.651710422474846
Berlin,Bike,12.135236695766773
Berlin,Bike,18.15871512692275
Berlin,Bike,19.058342012009494
Berlin,Bike,14.72457170916567
Berlin,Bike,18.32232000720085
Berlin,Bike,16.36284875836195
Berlin,Bike,17.62048813452559
Berlin,Bike,22.123809495040938
Berlin,Bike,15.226741331739424
Berlin,Bike,12.845400219172918
Berlin,Bike,12.419312232792034
Berlin,Bike,13.759777616756786
Berlin,Bike,14.844240961283486
Berlin,Bike,17.748641778258513
Berlin,Bike,17.05507215112006
Berlin,Bike,17.566398497688386
Berlin,Bike,15.127659543411527
Berlin,Bike,23.67606079353004
Berlin,Bike,14.674867082838421
Berlin,Bike,23.623562760244166
Berlin,Bike,18.552577446577697
Berlin,Bike,15.370691868714395
Berlin,Bike,16.056096445418646
Berlin,Bike,17.8473164758459
Berlin,Bike,14.801632643641573
Berlin,Bike,17.229195475974233
Berlin,Bike,17.92095541417526
Berlin,Bike,15.598873669590875
Berlin,Bike,13.011651971099758
Berlin,Bike,12.823696001420496
Berlin,Bike,13.778335351770817
Berlin,Bike,18.24770149234337
Berlin,Bike,15.653699821823153
Berlin,Bike,11.895138033446962
Berlin,Bike,15.577493208619472
Berlin,Bike,16.28244313511768
Berlin,Bike,12.473453923404058
Berlin,Bike,16.508743704243557
Berlin,Bike,16.54522387293447
Berlin,Bike,12.446642883711
Berlin,Car,20.345122061071848
Berlin,Car,26.202963945083372
Berlin,Car,24.447345457950455
Berlin,Car,21.38606296626696
Berlin,Car,22.277012171279846
Berlin,Car,65.93354494164109
Berlin,Car,21.730702612543364
Berlin,Car,16.852241631583954
Berlin,Car,22.87610549716859
Berlin,Car,23.88719708761844
Berlin,Car,27.784203100969336
Berlin,Car,29.3930338295272
Berlin,Car,31.734575772275203
Berlin,Car,17.73182694991528
Berlin,Car,29.100594401022647
Berlin,Car,22.874308636406422
Berlin,Car,31.197643897803918
Berlin,Car,21.579741941088663
Berlin,Car,17.777544646965772
Berlin,Car,17.81868940388251
Berlin,Car,9.680475019683817
Berlin,Car,20.53122768295673
Berlin,Car,18.139887707357214
Berlin,Car,22.276796648479095
Berlin,Car,26.195386539958687
Berlin,Car,32.48883422347158
Berlin,Car,25.081101831182934
Berlin,Car,17.862606824479585
Berlin,Car,16.079265880355887
Berlin,Car,25.18433198126935
Berlin,Car,13.467049044612466
Berlin,Car,30.844720942044056
Berlin,Car,28.772028035325995
Berlin,Car,21.841456428248353
Berlin,Car,12.271676541635795
Berlin,Car,30.212977797909073
Berlin,Car,19.661788543934463
Berlin,Car,29.936569474290682
Berlin,Car,12.300620967084306
Berlin,Car,18.015754147650863
Berlin,Car,23.218229225243896
Berlin,Car,20.559746548664542
Berlin,Car,18.27045868749328
Berlin,Car,25.676335857027304
Berlin,Car,17.20809019707042
Berlin,Car,21.337790992368312
Berlin,Car,22.96948157673473
Berlin,Car,24.13713237268502
Berlin,Car,24.138241788963267
Berlin,Car,15.225155928397182
Berlin,Car,12.730231695354952
Berlin,Car,31.17013638813985
Berlin,Car,23.412788169171154
Berlin,Car,17.282058636175275
Berlin,Car,28.995574890254943
Berlin,Car,26.464020645458714
Berlin,Car,26.229425020576134
Berlin,Car,22.10248162526765
Berlin,Car,31.71372850599629
Berlin,Car,30.667392848222168
Berlin,Car,18.791731618417625
Berlin,Car,28.971241799853168
Berlin,Car,32.30023566042224
Berlin,Car,28.508588715548537
Berlin,Car,17.561124178151395
Berlin,Car,51.696087743817245
Berlin,Car,27.748917341032975
Berlin,Car,11.537323586132672
Berlin,Car,15.801111736376246
Berlin,Car,11.670280825267527
Berlin,Car,19.756714835622855
Berlin,Car,26.254691886746595
Berlin,Car,32.95913903200509
Berlin,Car,25.56622632820711
Berlin,Car,29.341806320463693
Berlin,Car,13.339850118029112
Berlin,Car,19.861435781465637
Berlin,Car,23.37369772715379
Berlin,Car,22.186619164130665
Berlin,Car,24.909142141456087
Berlin,Car,13.741637362254345
Berlin,Car,21.017502574373356
Berlin,Car,15.267080071133885
Berlin,Car,24.36669243096822
Berlin,Car,21.94562752897083
Berlin,Car,16.117130840964705
Berlin,Car,20.67828123544889
Berlin,Car,14.713217958687927
Berlin,Car,20.498032306814476
Berlin,Car,25.79126779221555
Berlin,Car,16.613135816570043
Berlin,Car,27.568083529895304
Berlin,Car,18.199066129919377
Berlin,Car,16.88784881060527
Berlin,Car,22.139866103558344
Berlin,Car,16.027543934887806
Berlin,Car,17.740518420669538
Berlin,Car,15.215175238208069
Berlin,Car,30.127265508444722
Berlin,Car,20.56442676627484
Berlin,Car,17.881148545642706
Berlin,Car,22.155651986183123
Berlin,Car,33.81475686857236
Berlin,Car,19.795221168413345
Berlin,Car,24.80863826778767
Berlin,Car,25.788320095272223
Berlin,Car,17.37385615159868
Berlin,Car,19.29944519084858
Berlin,Car,19.016858794640278
Berlin,Car,14.982390720866928
Berlin,Car,12.745938497627598
Berlin,Car,27.905373566295836
Berlin,Car,28.403265442807424
Berlin,Car,30.290983032519627
Berlin,Car,24.277878546595286
Berlin,Car,23.365889420895574
Berlin,Car,35.533268143932695
Berlin,Car,71.80357111441737
Berlin,Car,19.831617719096695
Berlin,Car,19.788927510621132
Berlin,Car,13.831900634648909
Berlin,Car,21.440459038953747
Berlin,Car,16.29271495729383
Berlin,Car,14.166303038602557
Berlin,Car,18.43122378613973
Berlin,Car,14.728193862286336
Berlin,Car,31.423713362559567
Berlin,Car,25.615868085334498
Berlin,Car,21.44645210260211
Berlin,Car,28.562083638025292
Berlin,Car,21.411037940787935
Berlin,Car,17.33390590763443
Berlin,Car,27.953026399870197
Berlin,Car,23.096160390840545
Berlin,Car,18.77166788496
Berlin,Car,24.89013002811133
Berlin,Car,16.55651310802649
Berlin,Car,13.717464076563651
Berlin,Car,26.69653426784712
Berlin,Car,30.598062337565146
Berlin,Car,13.05859042836959
Berlin,Car,23.154413390051875
Berlin,Car,19.264153674096956
Berlin,Car,19.71567264581159
Berlin,Car,17.092970094574536
Berlin,Car,16.18203209933433
Berlin,Car,35.024043886272544
Berlin,Car,18.074078863600512
Berlin,Car,21.39209889148347
Berlin,Car,19.96868156995706
Berlin,Car,22.023296620260435
Berlin,Car,15.855537108695582
Berlin,Car,19.23154152499949
Berlin,Car,24.32105337354677
Berlin,Car,22.714066005091645
Berlin,Car,15.669462808830138
Berlin,Car,23.058851153340193
Berlin,Car,27.628608291766806
Berlin,Car,15.199475594344271
Berlin,Car,23.729085940849853
Berlin,Car,18.892634762079954
Berlin,Car,23.31178016362376
Berlin,Car,16.87757139451245
Berlin,Car,15.508786753939212
Berlin,Car,11.888462187376756
Berlin,Car,20.41919901256781
Berlin,Car,21.76471306908704
Berlin,Car,15.532197944926592
Berlin,Car,23.593368300467414
Berlin,Car,13.441937146143934
Berlin,Car,52.45811804561182
Berlin,Car,18.408645042831374
Berlin,Car,20.14221126702816
Berlin,Car,21.073538966920133
Berlin,Car,16.298585677874794
Berlin,Car,19.03230189506795
Berlin,Car,26.816099546358814
Berlin,Car,25.84813568251565
Berlin,Car,26.135585051419884
Berlin,Car,15.404737805271532
Berlin,Car,24.2551556226061
Berlin,Car,28.353693893471725
Berlin,Car,8.33937744988822
Berlin,Car,21.94605816495202
Berlin,Car,42.844859372764674
Berlin,Car,19.286682066031076
Berlin,Car,25.91273922229519
Berlin,Car,18.31671472574473
Berlin,Car,24.932027917943987
Berlin,Car,22.439042730899406
Berlin,Car,26.946423546816252
Berlin,Car,21.317555395461145
Berlin,Car,22.313814405928984
Berlin,Car,19.500790680747254
Berlin,Car,19.569363543506604
Berlin,Car,18.43371842075977
Berlin,Car,22.272409549552915
Berlin,Car,21.497851770223466
Berlin,Car,29.770122610856532
Berlin,Car,31.868793087171365
London,Bike,27.600423443937594
London,Bike,30.441727156224935
London,Bike,9.68872513287077
London,Bike,19.292874849820375
London,Bike,15.822169395645249
London,Bike,23.19458140367699
London,Bike,21.414132384929303
London,Bike,18.298063004971777
London,Bike,16.752889204746502
London,Bike,18.14600878831756
London,Bike,18.343447524718325
London,Bike,12.292247365125677
London,Bike,26.909251711620378
London,Bike,28.91044259028635
London,Bike,21.157108939919354
London,Bike,16.388899908036688
London,Bike,15.563429825903132
London,Bike,18.64739150148852
London,Bike,32.6173799880963
London,Bike,25.577872724799015
London,Bike,14.956295528951058
London,Bike,21.630046994876555
London,Bike,16.106921108809146
London,Bike,24.019132075191965
London,Bike,26.055501029314538
London,Bike,24.897787044993112
London,Bike,13.439080431401152
London,Bike,25.736765869551803
London,Bike,11.704594491243107
London,Bike,14.30953773294025
London,Bike,24.660246904462173
London,Bike,12.863891191556778
London,Bike,17.046559215202567
London,Bike,19.129006203819618
London,Bike,23.615025923281472
London,Bike,12.525219143351038
London,Bike,1.0
London,Bike,13.135775142374193
London,Bike,26.22591028044397
London,Bike,27.03312638974353
London,Bike,26.540420583571294
London,Bike,13.34761791623803
London,Bike,8.950270802793515
London,Bike,23.745074697299575
London,Bike,19.720669985330552
London,Bike,26.834546831112352
London,Bike,24.807481700232884
London,Bike,21.068616630469002
London,Bike,20.58638100395415
London,Bike,22.662117963016033
London,Bike,22.481496483981324
London,Bike,36.80740382067075
London,Bike,27.581944716915803
London,Bike,28.317487188816674
London,Bike,14.676790524529627
London,Bike,22.80357047761142
London,Bike,18.23170500233491
London,Bike,13.364189971696092
London,Bike,14.229688613779324
London,Bike,21.044454561388118
London,Bike,23.17617557029567
London,Bike,22.582597225724818
London,Bike,17.933026453854584
London,Bike,21.738473488422763
London,Bike,26.182912817595003
London,Bike,10.824303669376006
London,Bike,22.201873843629514
London,Bike,19.000680589501886
London,Bike,22.75721165724646
London,Bike,10.527245139799266
London,Bike,27.088364686564397
London,Bike,20.796810632238948
London,Bike,25.11624569097355
London,Bike,15.671998288825407
London,Bike,21.488601888747294
London,Bike,19.491410798302496
London,Bike,30.686308972390783
London,Bike,10.111085733731883
London,Bike,20.468719986885738
London,Bike,20.535997556266658
London,Bike,17.202908936494286
London,Bike,33.99179387086175
London,Bike,22.533864941827574
London,Bike,19.057740062154622
London,Bike,13.205528191473395
London,Bike,25.82850899351638
London,Bike,19.167877927777916
London,Bike,19.979800722384716
London,Bike,21.652285738123947
London,Bike,16.18733867513998
London,Bike,19.41218003213719
London,Bike,6.089393464665891
London,Bike,22.453605605838373
London,Bike,25.563949552546717
London,Bike,10.233435383449159
London,Bike,16.011968848695652
London,Bike,12.859020549219071
London,Bike,23.940818851533983
London,Bike,22.089030795769343
London,Bike,26.157011563348824
London,Bike,25.90419481607544
London,Bike,29.91532619254031
London,Bike,17.055485527383894
London,Bike,13.477627980360072
London,Bike,20.954199921347477
London,Bike,27.586469788582
London,Bike,12.935713784444099
London,Bike,29.335846945912532
London,Bike,25.311200943663934
London,Bike,20.82426280814785
London,Bike,15.425546601670565
London,Bike,39.663918936709564
London,Bike,23.79104829739928
London,Bike,18.962899455640187
London,Bike,25.960211619454725
London,Bike,16.428009026220273
London,Bike,23.184084851005125
London,Bike,18.827753824742498
London,Bike,21.724718415756897
London,Bike,16.845087523987097
London,Bike,24.39127788442944
London,Bike,37.218686301149276
London,Bike,20.85840015272147
London,Bike,29.204812188021485
London,Bike,13.37859869965088
London,Bike,24.03154149948538
London,Bike,28.545270718793788
London,Bike,22.62253761397009
London,Bike,14.497948554896178
London,Bike,24.42217537159388
London,Bike,21.28536778733566
London,Bike,14.247721348192158
London,Bike,52.538944171968296
London,Bike,66.71371625615765
London,Bike,16.428372289834808
London,Bike,21.11139676455574
London,Bike,9.595497108506043
London,Bike,24.793882587988662
London,Bike,14.448511713547003
London,Bike,25.547184676776702
London,Bike,16.35015757225424
London,Bike,18.632524103579453
London,Bike,17.874659853076864
London,Bike,14.879975929775698
London,Bike,35.21162977769825
London,Bike,16.008673617379102
London,Bike,25.332058305921816
London,Bike,11.980647621083587
London,Bike,21.16720914766032
London,Bike,21.38888317865711
London,Bike,18.006964313921994
London,Bike,16.42387087279947
London,Bike,31.392615940225824
London,Bike,17.512750448458114
London,Bike,33.65751292104663
London,Bike,18.81976215289088
London,Bike,25.129758115773214
London,Bike,30.15386665215539
London,Bike,14.046796775185411
London,Bike,18.277914506891655
London,Bike,17.219698972733262
London,Bike,18.439872056897425
London,Bike,17.943659225691086
London,Bike,15.344559595949239
London,Bike,20.697895918685532
London,Bike,13.496706052053032
London,Bike,26.828642681427873
London,Bike,25.092999642897954
London,Bike,17.571792589478687
London,Bike,21.555697521765254
London,Bike,19.68986506325492
London,Bike,13.644487927787933
London,Bike,28.88706398187206
London,Bike,22.232820224966115
London,Bike,24.92574292843502
London,Bike,22.646729170699263
London,Bike,19.758758688027015
London,Bike,24.658379694586085
London,Bike,24.136658043293018
London,Bike,24.567437784606064
London,Bike,17.02616216337389
London,Bike,27.234234458185938
London,Bike,21.001578888305083
London,Bike,31.765632130245844
London,Bike,22.357963215317753
London,Bike,22.47666241647532
London,Bike,13.359956795055572
London,Bike,15.570131966229585
London,Bike,23.59704880899646
London,Bike,27.29457007453321
London,Bike,36.42668559474043
London,Bike,18.487559228178878
London,Bike,12.660677473169216
London,Bike,22.919661697707724
London,Bike,13.518904062244504
London,Bike,21.78607745112771
London,Bike,16.476034702299454
London,Bike,21.73875182116173
London,Bike,24.772338380028945
London,Bike,19.01107717065212
London,Car,35.028120469423705
London,Car,13.978764149883217
London,Car,23.386294259668755
London,Car,34.26657584919943
London,Car,22.16823539287233
London,Car,27.530435288335934
London,Car,32.82187600836562
London,Car,4.316854210644495
London,Car,24.727764622558002
London,Car,37.952775254014895
London,Car,26.225872615664628
London,Car,39.15888597180644
London,Car,30.30920429349762
London,Car,31.225505379277514
London,Car,24.586969945514525
London,Car,30.830989509127157
London,Car,25.734987522954302
London,Car,33.41225351066934
London,Car,16.62104765851283
London,Car,15.454301972997769
London,Car,15.875142143529068
London,Car,31.79719129124247
London,Car,28.811305940979622
London,Car,18.60645860503441
London,Car,30.589065604837725
London,Car,35.19176035257526
London,Car,23.855177938845333
London,Car,14.869654576291941
London,Car,20.62508151105423
London,Car,34.45546365771302
London,Car,43.013743875585234
London,Car,22.66867350652426
London,Car,39.68926883566058
London,Car,43.443981392507425
London,Car,20.54941984740705
London,Car,22.297992984108642
London,Car,32.53374330851707
London,Car,21.990698106935714
London,Car,35.268205121574276
London,Car,30.62159590033319
London,Car,33.78869299376578
London,Car,33.30367065801497
London,Car,44.963096756770156
London,Car,22.16210089648957
London,Car,27.83582961442402
London,Car,15.529673796748373
London,Car,16.548083933062475
London,Car,25.895239275583805
London,Car,29.785646928661073
London,Car,26.254300694192217
London,Car,22.743399736923077
London,Car,30.584807398392673
London,Car,38.25880733192453
London,Car,25.304038346061635
London,Car,37.39807241930675
London,Car,37.58563356983046
London,Car,35.40633987048109
London,Car,21.190111643863474
London,Car,31.567829204949867
London,Car,21.720564650203954
London,Car,17.404464512112224
London,Car,29.01234823743159
London,Car,16.8110402336725
London,Car,27.341509117735534
London,Car,26.84550900131725
London,Car,40.56942972567431
London,Car,21.18856415291969
London,Car,21.92934391107401
London,Car,30.237302558745064
London,Car,22.16100004752218
London,Car,29.0669304253915
London,Car,38.08266065850673
London,Car,33.897197830497
London,Car,36.849103185150064
London,Car,28.720653397596607
London,Car,25.474144078519412
London,Car,24.551861302386957
London,Car,22.851864405010815
London,Car,30.140329878745753
London,Car,79.59685818995642
London,Car,32.01777972095803
London,Car,31.03723786337364
London,Car,9.25158388621538
London,Car,25.45468213500326
London,Car,18.867404116145778
London,Car,32.93498461724216
London,Car,24.944116685266625
London,Car,35.78837072958246
London,Car,27.173539550767913
London,Car,27.225383126924964
London,Car,36.9660564316457
London,Car,35.09415950914002
London,Car,29.417390041729092
London,Car,30.308704749949023
London,Car,28.008057964104335
London,Car,23.24831699219263
London,Car,31.285633911303773
London,Car,9.566637464604451
London,Car,21.33802532948318
London,Car,13.186160511441493
London,Car,49.179211994644845
London,Car,27.426450792859278
London,Car,32.932855019379836
London,Car,30.24390265843416
London,Car,25.814860106321028
London,Car,19.130985538866728
London,Car,30.037113064267214
London,Car,28.343940487384742
London,Car,19.249425188362224
London,Car,22.290471909502568
London,Car,34.0984649336892
London,Car,36.44459187730158
London,Car,20.306875353980676
London,Car,23.958888365218137
London,Car,20.27207694102339
London,Car,29.236042561213875
London,Car,33.209188927121396
London,Car,27.653523237705752
London,Car,42.31455434345846
London,Car,33.579875905313884
London,Car,28.28883888635295
London,Car,19.09770315936856
London,Car,26.603876506590545
London,Car,20.27728801651016
London,Car,10.148450964962043
London,Car,37.761055749967994
London,Car,23.269306134268366
London,Car,23.827499405526083
London,Car,27.503944839441857
London,Car,33.226465599892514
London,Car,23.110710322669828
London,Car,26.301833952817123
London,Car,41.681891917341495
London,Car,27.218132410415024
London,Car,29.179358330798383
London,Car,14.630822680741755
London,Car,22.481124212560076
London,Car,31.600148408294135
London,Car,20.206815633026835
London,Car,30.847547521018242
London,Car,24.025334489673227
London,Car,22.853625106818008
London,Car,22.433921086003608
London,Car,31.894230913441525
London,Car,37.994338544289704
London,Car,35.893311753767776
London,Car,29.7216195941001
London,Car,24.391335555581655
London,Car,19.076524838546536
London,Car,27.134155163833352
London,Car,18.480403438947366
London,Car,13.854972689475062
London,Car,31.61977876916368
London,Car,32.451640749484085
London,Car,23.79170740024983
London,Car,28.103073953659752
London,Car,33.81644656087144
London,Car,28.655451381649648
London,Car,16.942105678650137
London,Car,30.056752222070998
London,Car,34.940676387450736
London,Car,27.349238138448168
London,Car,29.070192194586095
London,Car,28.714701479576433
London,Car,23.26145710263824
London,Car,23.887569550985454
London,Car,28.495478055438863
London,Car,33.805428227619245
London,Car,33.35320876174491
London,Car,25.81111498158006
London,Car,30.234942274688052
London,Car,35.089773322846185
London,Car,20.538543630095912
London,Car,35.95191901256246
London,Car,39.32424753453891
London,Car,44.72903571194674
London,Car,33.44104528019055
London,Car,27.209822902698853
London,Car,32.91101003162726
London,Car,33.31936891788149
London,Car,32.98642869159666
London,Car,31.844455234555596
London,Car,28.21499080902331
London,Car,38.70467352891784
London,Car,18.62819139679491
London,Car,29.848253042075044
London,Car,46.24940777668251
London,Car,22.080362926652167
London,Car,20.633149389641748
London,Car,33.740342041093704
London,Car,28.912901758171376
London,Car,32.24921073438568
London,Car,24.0794990090491
London,Car,17.126334552368906
London,Car,35.738372384067645
London,Car,24.37913213849887
London,Car,55.05171355142707
London,Car,37.27131559345804
London,Car,26.66432773053998
London,Car,23.199435480750154
New York,Bike,22.76712140152689
New York,Bike,19.44778580610036
New York,Bike,20.46730881125911
New York,Bike,27.432452462903214
New York,Bike,25.29019733375103
New York,Bike,31.346741754773277
New York,Bike,13.14766428952866
New York,Bike,22.596758490344104
New York,Bike,23.207705339818848
New York,Bike,28.05165878699243
New York,Bike,25.08934304651059
New York,Bike,23.72951709187155
New York,Bike,22.50488170707329
New York,Bike,20.21737573757458
New York,Bike,28.991825063990813
New York,Bike,24.28595283189833
New York,Bike,34.311392440783244
New York,Bike,23.123035167396292
New York,Bike,18.59713402404006
New York,Bike,15.434484012617297
New York,Bike,13.105546313581764
New York,Bike,14.864535837210553
New York,Bike,24.119743964633365
New York,Bike,57.60423008884692
New York,Bike,14.737501485788403
New York,Bike,26.651675427697686
New York,Bike,22.061923306696023
New York,Bike,27.159760037520748
New York,Bike,30.173700091875805
New York,Bike,31.139680930430686
New York,Bike,21.766374084553977
New York,Bike,18.078120887341463
New York,Bike,11.360887930462834
New York,Bike,19.44582814894499
New York,Bike,23.317926141157955
New York,Bike,18.90591915091956
New York,Bike,21.421012008782547
New York,Bike,22.49780315088122
New York,Bike,21.64915898778374
New York,Bike,19.274941509952775
New York,Bike,23.23997249743248
New York,Bike,24.704553515530314
New York,Bike,18.988512159520845
New York,Bike,33.02710079054649
New York,Bike,22.286109064844993
New York,Bike,25.642711217088575
New York,Bike,26.12286881236866
New York,Bike,24.136727485301794
New York,Bike,27.15001447602541
New York,Bike,24.97008251896644
New York,Bike,24.731314078762292
New York,Bike,25.195110364745652
New York,Bike,16.945685106306716
New York,Bike,24.108206956595843
New York,Bike,22.03058681315616
New York,Bike,24.252153367136764
New York,Bike,22.406313716110198
New York,Bike,13.485737890370958
New York,Bike,20.57871960210513
New York,Bike,23.934604085433314
New York,Bike,22.9110049408705
New York,Bike,18.58309438965678
New York,Bike,50.34629894507016
New York,Bike,19.546522550831796
New York,Bike,29.440757073606264
New York,Bike,26.580115228351644
New York,Bike,19.974984805393337
New York,Bike,31.978039233117503
New York,Bike,16.263074793663975
New York,Bike,28.83556262950615
New York,Bike,27.4778764938778
New York,Bike,19.67673861096636
New York,Bike,29.464013495317257
New York,Bike,20.96527571936618
New York,Bike,24.93305450661317
New York,Bike,23.385404833444976
New York,Bike,23.399791184524382
New York,Bike,26.627221264629753
New York,Bike,25.967645655875668
New York,Bike,14.330825503015763
New York,Bike,28.593678702932642
New York,Bike,14.172337224686299
New York,Bike,29.003984660098272
New York,Bike,27.730636891126156
New York,Bike,45.275570308524124
New York,Bike,19.951669416021673
New York,Bike,16.896660917207566
New York,Bike,22.95123011802298
New York,Bike,21.030117171750916
New York,Bike,26.05950073546239
New York,Bike,29.221522731945257
New York,Bike,29.451293511682916
New York,Bike,21.963674072814033
New York,Bike,21.51778194921812
New York,Bike,15.916174775492275
New York,Bike,21.307311029075098
New York,Bike,27.67751617430223
New York,Bike,33.688885227482956
New York,Bike,16.538834756439662
New York,Bike,24.027304132488602
New York,Bike,22.00826657792391
New York,Bike,25.143226261088014
New York,Bike,18.9732591527385
New York,Bike,24.85597919296422
New York,Bike,21.13321626575341
New York,Bike,23.75310835956129
New York,Bike,24.737980464756117
New York,Bike,22.306109332611502
New York,Bike,21.690720844270157
New York,Bike,23.098604308122056
New York,Bike,26.632374615534136
New York,Bike,22.29711963722447
New York,Bike,25.222980319229805
New York,Bike,31.811951656839216
New York,Bike,25.335441613211092
New York,Bike,20.689607477172252
New York,Bike,27.768450886725397
New York,Bike,21.880768247397988
New York,Bike,27.939701669610518
New York,Bike,24.517759899052106
New York,Bike,26.176355048795028
New York,Bike,25.279509320033913
New York,Bike,14.995996802266326
New York,Bike,17.284065451025974
New York,Bike,16.381838556883615
New York,Bike,23.404693652657286
New York,Bike,31.355183624103514
New York,Bike,33.23716374206731
New York,Bike,27.378989464623363
New York,Bike,25.31230000871794
New York,Bike,15.585185588910651
New York,Bike,22.135795032938177
New York,Bike,18.4184557069899
New York,Bike,20.502345893951386
New York,Bike,22.118070193717166
New York,Bike,34.61748633557008
New York,Bike,12.468024268570508
New York,Bike,27.438486948162836
New York,Bike,18.040076818065604
New York,Bike,23.721212113640984
New York,Bike,32.590730712470894
New York,Bike,18.984854287446026
New York,Bike,11.361103016946558
New York,Bike,21.13885792658971
New York,Bike,33.47933748613171
New York,Bike,32.54585210197502
New York,Bike,17.72574328398704
New York,Bike,28.247769755828344
New York,Bike,22.98729480900922
New York,Bike,21.97853096758125
New York,Bike,36.40990666141127
New York,Bike,14.574919792289792
New York,Bike,23.446049872007933
New York,Bike,25.426543490809777
New York,Bike,27.896059325535326
New York,Bike,25.197002528974988
New York,Bike,23.562456306062174
New York,Bike,20.756620646373104
New York,Bike,23.962887123238
New York,Bike,20.313313900017764
New York,Bike,25.307074184237138
New York,Bike,20.952687177995447
New York,Bike,24.903967798361922
New York,Bike,22.63068725643469
New York,Bike,28.765780710130826
New York,Bike,23.099321464002845
New York,Bike,13.14979774465282
New York,Bike,29.245305508519884
New York,Bike,22.43697182720136
New York,Bike,19.82910098913314
New York,Bike,20.719368349618385
New York,Bike,29.432843335388906
New York,Bike,13.552402126113016
New York,Bike,39.91243180803449
New York,Bike,28.385293434634395
New York,Bike,28.711610947449564
New York,Bike,21.92677060784513
New York,Bike,23.453409754375986
New York,Bike,26.811158267836365
New York,Bike,27.694884891849206
New York,Bike,24.97012566033495
New York,Bike,22.910920502798295
New York,Bike,21.03987024752307
New York,Bike,21.764375405509927
New York,Bike,23.250604276428763
New York,Bike,28.763444397693426
New York,Bike,40.77034098541331
New York,Bike,7.9952569214176465
New York,Bike,25.281535696690327
New York,Bike,23.508266009460687
New York,Bike,23.46608884761129
New York,Bike,25.54315591598334
New York,Bike,30.437136097867107
New York,Bike,26.773448985737563
New York,Bike,21.568052284715343
New York,Bike,26.328420471687906
New York,Bike,19.41547459981707
New York,Bike,29.53436741355695
New York,Bike,19.627673816042968
New York,Bike,26.853240816887265
New York,Car,41.69181865723193
New York,Car,29.35174885199759
New York,Car,18.568223246376
New York,Car,30.409956188890977
New York,Car,42.8901875352655
New York,Car,17.348481690162235
New York,Car,29.254225578801012
New York,Car,18.267927231274932
New York,Car,20.889551713312667
New York,Car,31.55261087608214
New York,Car,23.69784805253054
New York,Car,44.94904552121762
New York,Car,37.64940348193323
New York,Car,37.06117269928356
New York,Car,42.94582209623963
New York,Car,17.945135602534926
New York,Car,31.256598992474302
New York,Car,26.498951287411717
New York,Car,30.97471303828298
New York,Car,42.52707800254231
New York,Car,28.7233194215692
New York,Car,36.76563618998939
New York,Car,25.86136584688834
New York,Car,36.426724202216256
New York,Car,36.99491664395292
New York,Car,38.27801956436713
New York,Car,36.89640435911325
New York,Car,20.04986606476155
New York,Car,29.798541358861947
New York,Car,36.20212438419393
New York,Car,25.90879783001426
New York,Car,20.79110760404485
New York,Car,12.371504019761488
New York,Car,37.71689784472378
New York,Car,24.38243929204379
New York,Car,24.536781066308706
New York,Car,12.087411648793353
New York,Car,13.474345554945565
New York,Car,35.799824278869075
New York,Car,27.34385968408311
New York,Car,34.26981697129101
New York,Car,41.45188375629113
New York,Car,16.10328337368142
New York,Car,28.56832926658526
New York,Car,38.070128236292405
New York,Car,18.37016246197449
New York,Car,36.74945060057369
New York,Car,34.86072222311333
New York,Car,38.327919834720966
New York,Car,38.48656519456199
New York,Car,21.41354577331633
New York,Car,37.27507030691048
New York,Car,34.05302429626393
New York,Car,27.563830661268785
New York,Car,32.19196482480918
New York,Car,19.744327820509
New York,Car,39.90046767535053
New York,Car,36.7794468877716
New York,Car,19.531449166485796
New York,Car,16.082301033136275
New York,Car,35.33995453790583
New York,Car,27.84388622016563
New York,Car,19.86233606616413
New York,Car,23.371496851797648
New York,Car,31.652621874554285
New York,Car,12.744554168090492
New York,Car,38.71938312257319
New York,Car,37.94974242277471
New York,Car,47.2472989947905
New York,Car,29.118483715383658
New York,Car,17.885165639151086
New York,Car,29.201227764489335
New York,Car,33.52040789491558
New York,Car,18.341125271862953
New York,Car,29.841327101017445
New York,Car,40.566802529719695
New York,Car,35.17563334963869
New York,Car,29.455016533945383
New York,Car,26.243150217160714
New York,Car,10.057351374402739
New York,Car,31.670732958830378
New York,Car,34.1542441212834
New York,Car,16.02900178888019
New York,Car,20.277657067604142
New York,Car,30.80529373959849
New York,Car,37.04332641686084
New York,Car,43.257731345961204
New York,Car,44.369587105150174
New York,Car,33.42796994223202
New York,Car,39.79144214852501
New York,Car,20.551586952667314
New York,Car,27.464640384108066
New York,Car,19.233043362249965
New York,Car,46.100093672116316
New York,Car,19.137297798076926
New York,Car,18.87132751804886
New York,Car,15.960565848942867
New York,Car,40.62312749557931
New York,Car,35.03255218400448
New York,Car,38.576819734003166
New York,Car,16.53108403867802
New York,Car,33.22531274283859
New York,Car,32.40303506792812
New York,Car,35.767204879771356
New York,Car,35.8888946146494
New York,Car,35.27038409923485
New York,Car,35.47578261341232
New York,Car,16.133800273063777
New York,Car,18.39385126829681
New York,Car,22.482949779266605
New York,Car,28.31995816682271
New York,Car,21.852979949546178
New York,Car,9.754698176235433
New York,Car,20.20394663028525
New York,Car,24.28896866607861
New York,Car,34.66558730771431
New York,Car,22.475526481193597
New York,Car,32.99645346258463
New York,Car,25.033905882946925
New York,Car,24.74825839218775
New York,Car,14.406825016670783
New York,Car,15.961079379259466
New York,Car,14.73856043890952
New York,Car,14.403555606291091
New York,Car,36.072837016867574
New York,Car,39.84511686809394
New York,Car,37.22309686200706
New York,Car,40.204546751530565
New York,Car,35.85730920613299
New York,Car,33.498091297401146
New York,Car,35.97101431078123
New York,Car,21.164278809104438
New York,Car,33.10076535544046
New York,Car,15.928986619818932
New York,Car,15.528430125070479
New York,Car,34.46790559998506
New York,Car,28.059076449128966
New York,Car,38.18204773210357
New York,Car,39.17114203299774
New York,Car,25.725756604508227
New York,Car,37.20887998294366
New York,Car,35.00730917095741
New York,Car,29.93485245194925
New York,Car,19.591221807001883
New York,Car,19.167045770134187
New York,Car,16.3000585064934
New York,Car,33.72971900910574
New York,Car,20.863809670735606
New York,Car,22.110778374005914
New York,Car,19.280908741997383
New York,Car,14.373720472891463
New York,Car,42.03763228769186
New York,Car,16.949775065730297
New York,Car,19.45626811427366
New York,Car,24.92397005822293
New York,Car,28.742930637578866
New York,Car,21.661668084921097
New York,Car,36.57670929450327
New York,Car,37.468267826530436
New York,Car,24.501869367822586
New York,Car,33.02092189948668
New York,Car,41.83636403141041
New York,Car,34.519862973403235
New York,Car,28.638526326880072
New York,Car,34.4419883457855
New York,Car,31.14491290817375
New York,Car,16.552960446718732
New York,Car,35.102726894438575
New York,Car,16.696354749199223
New York,Car,17.958060092575984
New York,Car,32.75641715667451
New York,Car,13.705858859698775
New York,Car,28.22859972782259
New York,Car,29.984439919800106
New York,Car,35.99648654996032
New York,Car,19.85466628672353
New York,Car,32.555750786286154
New York,Car,33.60783558680575
New York,Car,21.14616010793568
New York,Car,39.248175008799336
New York,Car,29.653891673551204
New York,Car,36.82159760313975
New York,Car,20.818139196410037
New York,Car,23.959060560274267
New York,Car,29.600804231057406
New York,Car,29.36954045586392
New York,Car,34.19631279344068
New York,Car,17.480360868077256
New York,Car,34.79622075076689
New York,Car,35.94615989952964
New York,Car,30.01829158913098
New York,Car,39.91558816488274
New York,Car,29.271707144173227
New York,Car,32.47751757864184
New York,Car,38.14957431023147
New York,Car,18.99571638126664
New York,Car,35.86980574842854
New York,Car,25.27855740824476
New York,Car,35.082746994545566
New York,Car,29.00042879832302
Singapore,Bike,21.00110241859061
Singapore,Bike,12.860396112785025
Singapore,Bike,20.65907979720111
Singapore,Bike,16.550625064471664
Singapore,Bike,11.681791216001155
Singapore,Bike,15.01902024901008
Singapore,Bike,13.494214174860476
Singapore,Bike,14.811295080115693
Singapore,Bike,12.75799393656972
Singapore,Bike,19.29237709167585
Singapore,Bike,51.27016934214551
Singapore,Bike,14.512340957237992
Singapore,Bike,19.28820193721754
Singapore,Bike,14.298016014837659
Singapore,Bike,17.722443236833268
Singapore,Bike,14.83239961209565
Singapore,Bike,15.942160340717164
Singapore,Bike,13.916998090163426
Singapore,Bike,14.40013713153713
Singapore,Bike,14.520044720955164
Singapore,Bike,12.559271881090638
Singapore,Bike,12.836623196647825
Singapore,Bike,13.622755177667843
Singapore,Bike,15.149385555170257
Singapore,Bike,15.29143860847373
Singapore,Bike,17.705937046857763
Singapore,Bike,16.68504412452891
Singapore,Bike,13.941907074295251
Singapore,Bike,18.628143433085384
Singapore,Bike,19.820877603337102
Singapore,Bike,9.184773386848114
Singapore,Bike,17.72859142847056
Singapore,Bike,12.047837541310484
Singapore,Bike,16.538898689961478
Singapore,Bike,18.073741585708206
Singapore,Bike,12.111686573805212
Singapore,Bike,8.465538505291129
Singapore,Bike,17.0973021815057
Singapore,Bike,14.92860469298132
Singapore,Bike,9.126328146502539
Singapore,Bike,22.16052922315817
Singapore,Bike,17.28149252416006
Singapore,Bike,16.034257962305045
Singapore,Bike,18.290028721827778
Singapore,Bike,12.545812101961829
Singapore,Bike,15.538970287042307
Singapore,Bike,11.680570794012027
Singapore,Bike,12.469751800188288
Singapore,Bike,15.850184009481286
Singapore,Bike,9.383427467129408
Singapore,Bike,12.4769916929746
Singapore,Bike,11.37913211123232
Singapore,Bike,19.649021619984072
Singapore,Bike,15.893946222955362
Singapore,Bike,16.632793285453086
Singapore,Bike,17.011244256479237
Singapore,Bike,19.305268637695747
Singapore,Bike,15.906705855876467
Singapore,Bike,19.786295223712322
Singapore,Bike,14.723699718458672
Singapore,Bike,14.099171627408529
Singapore,Bike,15.872235212726814
Singapore,Bike,19.38710860964
Singapore,Bike,21.289357279764182
Singapore,Bike,17.545088562923162
Singapore,Bike,16.438581422989586
Singapore,Bike,15.29972456062078
Singapore,Bike,12.80332800447266
Singapore,Bike,16.41635788590573
Singapore,Bike,10.857416579483864
Singapore,Bike,18.793418383140715
Singapore,Bike,13.635315718091583
Singapore,Bike,14.963231112731876
Singapore,Bike,11.460237876079749
Singapore,Bike,16.190962112511198
Singapore,Bike,13.398034439778948
Singapore,Bike,16.201624521196276
Singapore,Bike,16.565587425049472
Singapore,Bike,13.177353071304784
Singapore,Bike,11.165965300442364
Singapore,Bike,18.599745626360733
Singapore,Bike,14.856990794783183
Singapore,Bike,14.809889750659405
Singapore,Bike,15.513321929749928
Singapore,Bike,10.96968488681403
Singapore,Bike,15.735049544581889
Singapore,Bike,14.581757569725456
Singapore,Bike,12.212917772599338
Singapore,Bike,10.926844301485717
Singapore,Bike,15.978024225752586
Singapore,Bike,18.542406914254332
Singapore,Bike,14.656937591612438
Singapore,Bike,10.775219687525654
Singapore,Bike,11.23781662802375
Singapore,Bike,13.585180284355067
Singapore,Bike,19.317727527158794
Singapore,Bike,13.856256386955227
Singapore,Bike,24.913875882269963
Singapore,Bike,9.112764883011314
Singapore,Bike,12.148368014873968
Singapore,Bike,11.274316841442912
Singapore,Bike,11.84904674100966
Singapore,Bike,14.650273629088767
Singapore,Bike,12.867522291957526
Singapore,Bike,19.339320897799652
Singapore,Bike,17.71693900054114
Singapore,Bike,12.476285663639516
Singapore,Bike,12.007040681876584
Singapore,Bike,21.16884646441725
Singapore,Bike,19.086187292943393
Singapore,Bike,7.725025128432919
Singapore,Bike,14.560496148603587
Singapore,Bike,13.425921841886957
Singapore,Bike,16.057743308361484
Singapore,Bike,19.861979000154427
Singapore,Bike,13.63854090339877
Singapore,Bike,8.090137627709874
Singapore,Bike,16.0805018073242
Singapore,Bike,19.41400055600113
Singapore,Bike,13.837424077086517
Singapore,Bike,11.954806759097345
Singapore,Bike,13.104909362371863
Singapore,Bike,16.842540365039035
Singapore,Bike,13.434411979780194
Singapore,Bike,15.836296878209954
Singapore,Bike,14.669655056750951
Singapore,Bike,13.982031809323779
Singapore,Bike,16.92116185013736
Singapore,Bike,12.591167110908366
Singapore,Bike,12.795193789904486
Singapore,Bike,16.59726151520951
Singapore,Bike,11.07918274916629
Singapore,Bike,11.493275409951405
Singapore,Bike,16.42954528470255
Singapore,Bike,18.027713021343914
Singapore,Bike,13.865924819289965
Singapore,Bike,10.212767675052724
Singapore,Bike,16.725603178918842
Singapore,Bike,12.496044085307833
Singapore,Bike,11.403261544427282
Singapore,Bike,14.721039599995557
Singapore,Bike,18.55637808664129
Singapore,Bike,13.087480510382603
Singapore,Bike,15.730883645246688
Singapore,Bike,17.157046066462527
Singapore,Bike,15.986634391088762
Singapore,Bike,19.279650357728308
Singapore,Bike,12.639400942635442
Singapore,Bike,11.058220429724132
Singapore,Bike,10.953525313557385
Singapore,Bike,14.1647894158931
Singapore,Bike,11.385227051760324
Singapore,Bike,14.860225883420064
Singapore,Bike,15.683398821113075
Singapore,Bike,17.087661651648272
Singapore,Bike,15.256687653694916
Singapore,Bike,13.168982353661425
Singapore,Bike,15.928609159827538
Singapore,Bike,10.98017974569101
Singapore,Bike,14.24551152022163
Singapore,Bike,15.066317241224484
Singapore,Bike,14.436867334996947
Singapore,Bike,15.50943199694437
Singapore,Bike,12.157028701557476
Singapore,Bike,17.5814684886165
Singapore,Bike,22.06390354005733
Singapore,Bike,9.342111039750625
Singapore,Bike,10.399039637378626
Singapore,Bike,14.176358346618567
Singapore,Bike,13.337717419945822
Singapore,Bike,19.715178260616568
Singapore,Bike,15.15171407354188
Singapore,Bike,18.3470018569324
Singapore,Bike,8.016703993967358
Singapore,Bike,16.644240725953292
Singapore,Bike,12.39698354408272
Singapore,Bike,12.827926674374387
Singapore,Bike,13.966585484045451
Singapore,Bike,10.376361049563435
Singapore,Bike,15.659560032286592
Singapore,Bike,15.163912372193339
Singapore,Bike,15.20090934980603
Singapore,Bike,16.782925996877438
Singapore,Bike,18.661314664486508
Singapore,Bike,13.084633805666456
Singapore,Bike,32.17096432119575
Singapore,Bike,15.275354292751606
Singapore,Bike,15.794795172936265
Singapore,Bike,15.390544326156741
Singapore,Bike,44.36680813672568
Singapore,Bike,12.688058383132477
Singapore,Bike,9.516737783740028
Singapore,Bike,12.784642105074896
Singapore,Bike,16.71134479811919
Singapore,Bike,14.275880389656631
Singapore,Bike,13.409100254035621
Singapore,Bike,10.912034534187672
Singapore,Bike,16.529390774830038
Singapore,Bike,16.14493963614835
Singapore,Bike,15.123340870089285
Singapore,Car,18.54474434596709
Singapore,Car,22.658439878389746
Singapore,Car,16.457978406726976
Singapore,Car,23.665685346855213
Singapore,Car,15.958182059550897
Singapore,Car,13.020119715134626
Singapore,Car,14.992445099650475
Singapore,Car,18.324921011528744
Singapore,Car,18.726119253991886
Singapore,Car,20.354029909816717
Singapore,Car,19.494834147931602
Singapore,Car,26.315579470015862
Singapore,Car,18.118120430114796
Singapore,Car,13.275004486477775
Singapore,Car,18.825848210842523
Singapore,Car,10.645975867221948
Singapore,Car,20.0817571188722
Singapore,Car,23.57462676305539
Singapore,Car,15.002562983246001
Singapore,Car,23.69104316578112
Singapore,Car,21.587956650721583
Singapore,Car,24.489119171003562
Singapore,Car,19.076603802461694
Singapore,Car,15.344075046562859
Singapore,Car,21.588668267638802
Singapore,Car,16.23949895739112
Singapore,Car,18.541931840857877
Singapore,Car,17.514542672164087
Singapore,Car,25.649929660286226
Singapore,Car,23.12983875643
Singapore,Car,18.73408046716697
Singapore,Car,10.809099428761526
Singapore,Car,16.58536541801691
Singapore,Car,21.780822721290786
Singapore,Car,19.961049922190767
Singapore,Car,12.048112593589948
Singapore,Car,11.775503840030145
Singapore,Car,20.2470281015809
Singapore,Car,18.9014696992326
Singapore,Car,14.273055812467843
Singapore,Car,22.000406861223485
Singapore,Car,23.65709507369352
Singapore,Car,15.566445280771571
Singapore,Car,17.957431826999635
Singapore,Car,18.229096683542796
Singapore,Car,17.780723401526156
Singapore,Car,18.523119740901556
Singapore,Car,22.338592213894355
Singapore,Car,16.510696750751457
Singapore,Car,12.78810081078169
Singapore,Car,27.551441326870016
Singapore,Car,22.797218379877908
Singapore,Car,13.864900464961806
Singapore,Car,19.609360629629943
Singapore,Car,22.2644708835359
Singapore,Car,21.374527557895615
Singapore,Car,20.102432640326935
Singapore,Car,17.390753398157997
Singapore,Car,26.6665664479195
Singapore,Car,37.558814140786424
Singapore,Car,16.580769883026562
Singapore,Car,21.52858429632577
Singapore,Car,19.586008013337405
Singapore,Car,19.800506143232255
Singapore,Car,20.178056632902596
Singapore,Car,20.518816338184084
Singapore,Car,39.93207076182987
Singapore,Car,12.915425183732165
Singapore,Car,23.876373082112238
Singapore,Car,19.57911999167276
Singapore,Car,21.465096887397813
Singapore,Car,13.39092241876711
Singapore,Car,22.329596328802175
Singapore,Car,17.09828450606835
Singapore,Car,14.976938992863289
Singapore,Car,18.130766492941987
Singapore,Car,14.625101716175786
Singapore,Car,20.379203937427963
Singapore,Car,17.732481680428307
Singapore,Car,22.337333580227817
Singapore,Car,24.437115290799348
Singapore,Car,24.036632753501387
Singapore,Car,9.07959021508596
Singapore,Car,15.112297965844833
Singapore,Car,8.963288312343927
Singapore,Car,13.257250242063897
Singapore,Car,16.655139581017064
Singapore,Car,20.09111046658988
Singapore,Car,16.054227517241547
Singapore,Car,16.324230455741453
Singapore,Car,19.754522695229454
Singapore,Car,11.485085409908024
Singapore,Car,15.327876420084229
Singapore,Car,16.115535211215867
Singapore,Car,18.077351276679657
Singapore,Car,18.687726901581925
Singapore,Car,24.988691395922686
Singapore,Car,23.285663347813436
Singapore,Car,15.868598966132001
Singapore,Car,17.305302173431837
Singapore,Car,23.149799303572806
Singapore,Car,16.340025574847825
Singapore,Car,19.269932485491616
Singapore,Car,10.760762835360556
Singapore,Car,23.08680168884378
Singapore,Car,25.259901433603115
Singapore,Car,17.493330319745706
Singapore,Car,17.7440662627032
Singapore,Car,19.51893033126622
Singapore,Car,22.147298002758337
Singapore,Car,18.483886746637307
Singapore,Car,21.930976605441817
Singapore,Car,21.237975109951833
Singapore,Car,28.92780269536766
Singapore,Car,17.94026558822174
Singapore,Car,10.961067559755056
Singapore,Car,12.282960276584811
Singapore,Car,18.494586931226298
Singapore,Car,23.03999146482316
Singapore,Car,15.880090261180497
Singapore,Car,19.06755358568589
Singapore,Car,21.10870030270714
Singapore,Car,14.486550920782348
Singapore,Car,15.864165510667755
Singapore,Car,21.48339200762446
Singapore,Car,23.528012439212716
Singapore,Car,25.39432611739551
Singapore,Car,12.768731068692892
Singapore,Car,19.080049302338818
Singapore,Car,25.799838589822077
Singapore,Car,21.288029926110138
Singapore,Car,16.06217023491638
Singapore,Car,13.146846963674905
Singapore,Car,22.8454767339126
Singapore,Car,19.584694169700334
Singapore,Car,13.12551666282875
Singapore,Car,23.144849113792986
Singapore,Car,11.657199002392014
Singapore,Car,17.266125941414455
Singapore,Car,16.94247103555711
Singapore,Car,26.80887771402387
Singapore,Car,16.980741305756855
Singapore,Car,17.17646292614536
Singapore,Car,13.085990984759981
Singapore,Car,15.879353382493223
Singapore,Car,17.158126427569005
Singapore,Car,20.49885376518589
Singapore,Car,18.743018044261827
Singapore,Car,9.404228183811144
Singapore,Car,14.642894863259421
Singapore,Car,18.524485988661354
Singapore,Car,20.113411335405985
Singapore,Car,17.153707478614265
Singapore,Car,18.3244838801582
Singapore,Car,23.191933492037332
Singapore,Car,20.100069833524074
Singapore,Car,19.90070225572489
Singapore,Car,19.87327533621391
Singapore,Car,15.642494217935043
Singapore,Car,21.71638444014767
Singapore,Car,18.829887829122192
Singapore,Car,26.28727072562901
Singapore,Car,24.29042763758077
Singapore,Car,13.228817653482622
Singapore,Car,15.858923155584618
Singapore,Car,21.711416050185612
Singapore,Car,11.49969229322585
Singapore,Car,23.912111694840124
Singapore,Car,17.00028016715256
Singapore,Car,21.310921537450287
Singapore,Car,18.042401319242323
Singapore,Car,12.43727991285301
Singapore,Car,22.963271198635645
Singapore,Car,31.547719388443234
Singapore,Car,17.611693120479167
Singapore,Car,18.454743667468485
Singapore,Car,8.988630179543982
Singapore,Car,23.79717570905222
Singapore,Car,23.09605622104765
Singapore,Car,11.220970212052096
Singapore,Car,10.812573059248583
Singapore,Car,11.229092764504163
Singapore,Car,20.606578889632058
Singapore,Car,48.89342493638548
Singapore,Car,16.642269584208844
Singapore,Car,20.308216409521368
Singapore,Car,20.308902282960247
Singapore,Car,16.616921393903304
Singapore,Car,22.79699768749626
Singapore,Car,13.845102812089966
Singapore,Car,23.37964652066411
Singapore,Car,17.69238082004031
Singapore,Car,27.17653637049303
Singapore,Car,15.516282336089725
Singapore,Car,16.913501688439297
Singapore,Car,20.662708098039566
Singapore,Car,18.311869303607036
Singapore,Car,21.882878774686887
Singapore,Car,13.25500549675425
Singapore,Car,17.90602242055705
