date,industry,api_requests,p95_latency_ms,new_enterprise_customers_daily,revenue_usd,marketing_spend_usd,gross_margin_pct,data_quality_flag
2026-01-01,Finance,1209304,375,0,38697.73,98028.05,0.6837,OK
2026-01-01,Healthcare,707563,454,0,18396.64,98028.05,0.6837,OK
2026-01-01,Retail,587870,503,0,12345.27,98028.05,0.6837,OK
2026-01-01,SaaS,732032,432,0,17568.77,98028.05,0.6837,OK
2026-01-01,PublicSector,456827,571,0,8222.89,98028.05,0.6837,OK
2026-01-01,Manufacturing,476629,496,0,9532.58,98028.05,0.6837,OK
2026-01-02,Finance,1162677,397,0,37205.66,97615.41,0.6921,OK
2026-01-02,Healthcare,650683,463,0,16917.76,97615.41,0.6921,OK
2026-01-02,Retail,556294,515,0,11682.17,97615.41,0.6921,OK
2026-01-02,SaaS,671666,437,0,16119.98,97615.41,0.6921,OK
2026-01-02,PublicSector,402865,560,0,7251.57,97615.41,0.6921,OK
2026-01-02,Manufacturing,421434,514,0,8428.68,97615.41,0.6921,OK
2026-01-03,Finance,916036,415,0,29313.15,102535.5,0.683,OK
2026-01-03,Healthcare,528330,456,0,13736.58,102535.5,0.683,OK
2026-01-03,Retail,474606,509,0,9966.73,102535.5,0.683,OK
2026-01-03,SaaS,592033,441,0,14208.79,102535.5,0.683,OK
2026-01-03,PublicSector,360853,547,0,6495.35,102535.5,0.683,OK
2026-01-03,Manufacturing,365356,499,0,7307.12,102535.5,0.683,OK
2026-01-04,Finance,1054200,412,0,33734.4,95772.73,0.6921,OK
2026-01-04,Healthcare,486027,449,0,12636.7,95772.73,0.6921,OK
2026-01-04,Retail,451024,524,0,9471.5,95772.73,0.6921,OK
2026-01-04,SaaS,600312,432,0,14407.49,95772.73,0.6921,OK
2026-01-04,PublicSector,298647,557,0,5375.65,95772.73,0.6921,OK
2026-01-04,Manufacturing,407660,520,0,8153.2,95772.73,0.6921,OK
2026-01-05,Finance,1079953,384,0,34558.5,96876.89,0.6831,OK
2026-01-05,Healthcare,586359,451,0,15245.33,96876.89,0.6831,OK
2026-01-05,Retail,468325,523,1,9834.82,96876.89,0.6831,OK
2026-01-05,SaaS,711261,440,0,17070.26,96876.89,0.6831,OK
2026-01-05,PublicSector,396148,544,0,7130.66,96876.89,0.6831,OK
2026-01-05,Manufacturing,427719,521,0,8554.38,96876.89,0.6831,OK
2026-01-06,Finance,1232358,410,0,39435.46,84733.25,0.6889,OK
2026-01-06,Healthcare,683486,459,0,17770.64,84733.25,0.6889,OK
2026-01-06,Retail,581506,534,0,12211.63,84733.25,0.6889,OK
2026-01-06,SaaS,747521,442,0,17940.5,84733.25,0.6889,OK
2026-01-06,PublicSector,488695,568,0,8796.51,84733.25,0.6889,OK
2026-01-06,Manufacturing,493172,500,0,9863.44,84733.25,0.6889,OK
2026-01-07,Finance,1235625,411,0,39540.0,83458.53,0.6727,OK
2026-01-07,Healthcare,614415,464,0,15974.79,83458.53,0.6727,OK
2026-01-07,Retail,594593,517,0,12486.45,83458.53,0.6727,OK
2026-01-07,SaaS,726803,444,0,17443.27,83458.53,0.6727,OK
2026-01-07,PublicSector,407353,573,0,7332.35,83458.53,0.6727,OK
2026-01-07,Manufacturing,499649,494,0,9992.98,83458.53,0.6727,OK
2026-01-08,Finance,1427400,418,0,45676.8,90284.67,0.6882,OK
2026-01-08,Healthcare,683338,464,0,17766.79,90284.67,0.6882,OK
2026-01-08,Retail,601139,507,0,12623.92,90284.67,0.6882,OK
2026-01-08,SaaS,767051,441,0,18409.22,90284.67,0.6882,OK
2026-01-08,PublicSector,449526,553,0,8091.47,90284.67,0.6882,OK
2026-01-08,Manufacturing,498018,501,0,9960.36,90284.67,0.6882,OK
2026-01-09,Finance,1136996,391,0,36383.87,76611.07,0.6697,OK
2026-01-09,Healthcare,569013,435,0,14794.34,76611.07,0.6697,OK
2026-01-09,Retail,561982,513,0,11801.62,76611.07,0.6697,OK
2026-01-09,SaaS,780339,458,0,18728.14,76611.07,0.6697,OK
2026-01-09,PublicSector,389537,551,0,7011.67,76611.07,0.6697,OK
2026-01-09,Manufacturing,429175,486,0,8583.5,76611.07,0.6697,OK
2026-01-10,Finance,965788,421,0,30905.22,79279.27,0.6927,OK
2026-01-10,Healthcare,512718,458,0,13330.67,79279.27,0.6927,OK
2026-01-10,Retail,477751,513,0,10032.77,79279.27,0.6927,OK
2026-01-10,SaaS,596403,416,0,14313.67,79279.27,0.6927,OK
2026-01-10,PublicSector,344664,559,0,6203.95,79279.27,0.6927,OK
2026-01-10,Manufacturing,331965,502,0,6639.3,79279.27,0.6927,OK
2026-01-11,Finance,1044220,412,0,33415.04,77482.48,0.6825,OK
2026-01-11,Healthcare,518178,446,0,13472.63,77482.48,0.6825,OK
2026-01-11,Retail,451305,506,0,9477.41,77482.48,0.6825,OK
2026-01-11,SaaS,583411,437,0,14001.86,77482.48,0.6825,OK
2026-01-11,PublicSector,355900,551,0,6406.2,77482.48,0.6825,OK
2026-01-11,Manufacturing,365780,500,0,7315.6,77482.48,0.6825,OK
2026-01-12,Finance,968281,394,0,30984.99,84772.98,0.6878,OK
2026-01-12,Healthcare,599556,470,0,15588.46,84772.98,0.6878,OK
2026-01-12,Retail,543191,531,0,11407.01,84772.98,0.6878,OK
2026-01-12,SaaS,722766,438,0,17346.38,84772.98,0.6878,OK
2026-01-12,PublicSector,379849,573,0,6837.28,84772.98,0.6878,OK
2026-01-12,Manufacturing,484847,504,0,9696.94,84772.98,0.6878,OK
2026-01-13,Finance,1189504,402,0,38064.13,82245.99,0.6815,OK
2026-01-13,Healthcare,670251,462,0,17426.53,82245.99,0.6815,OK
2026-01-13,Retail,643230,514,0,13507.83,82245.99,0.6815,OK
2026-01-13,SaaS,713125,447,0,17115.0,82245.99,0.6815,OK
2026-01-13,PublicSector,458589,590,0,8254.6,82245.99,0.6815,OK
2026-01-13,Manufacturing,468021,488,1,9360.42,82245.99,0.6815,OK
2026-01-14,Finance,1145161,413,0,36645.15,88975.79,0.6839,OK
2026-01-14,Healthcare,692233,451,0,17998.06,88975.79,0.6839,OK
2026-01-14,Retail,569895,493,0,11967.8,88975.79,0.6839,OK
2026-01-14,SaaS,780460,418,0,18731.04,88975.79,0.6839,OK
2026-01-14,PublicSector,432986,581,0,7793.75,88975.79,0.6839,OK
2026-01-14,Manufacturing,468066,501,0,9361.32,88975.79,0.6839,OK
2026-01-15,Finance,1342304,407,0,42953.73,93851.62,0.6857,OK
2026-01-15,Healthcare,681006,464,0,17706.16,93851.62,0.6857,OK
2026-01-15,Retail,547810,508,1,11504.01,93851.62,0.6857,OK
2026-01-15,SaaS,845019,435,0,20280.46,93851.62,0.6857,OK
2026-01-15,PublicSector,409042,570,0,7362.76,93851.62,0.6857,OK
2026-01-15,Manufacturing,490913,484,0,9818.26,93851.62,0.6857,OK
2026-01-16,Finance,1165350,388,0,37291.2,91984.56,0.6861,OK
2026-01-16,Healthcare,648749,465,0,16867.47,91984.56,0.6861,OK
2026-01-16,Retail,591428,498,0,12419.99,91984.56,0.6861,OK
2026-01-16,SaaS,746266,450,0,17910.38,91984.56,0.6861,OK
2026-01-16,PublicSector,408436,563,0,7351.85,91984.56,0.6861,OK
2026-01-16,Manufacturing,404674,497,0,8093.48,91984.56,0.6861,OK
2026-01-17,Finance,831278,409,1,26600.9,101402.55,0.6789,OK
2026-01-17,Healthcare,500915,473,0,13023.79,101402.55,0.6789,OK
2026-01-17,Retail,451428,519,0,9479.99,101402.55,0.6789,OK
2026-01-17,SaaS,603660,441,0,14487.84,101402.55,0.6789,OK
2026-01-17,PublicSector,322609,548,0,5806.96,101402.55,0.6789,OK
2026-01-17,Manufacturing,407892,497,0,8157.84,101402.55,0.6789,OK
2026-01-18,Finance,952220,393,0,30471.04,100657.76,0.6832,OK
2026-01-18,Healthcare,545823,457,0,14191.4,100657.76,0.6832,OK
2026-01-18,Retail,444179,520,0,9327.76,100657.76,0.6832,OK
2026-01-18,SaaS,576462,425,0,13835.09,100657.76,0.6832,OK
2026-01-18,PublicSector,352626,568,0,6347.27,100657.76,0.6832,OK
2026-01-18,Manufacturing,393981,493,0,7879.62,100657.76,0.6832,OK
2026-01-19,Finance,1183155,404,0,37860.96,96067.81,0.6803,OK
2026-01-19,Healthcare,612413,452,0,15922.74,96067.81,0.6803,OK
2026-01-19,Retail,558456,511,0,11727.58,96067.81,0.6803,OK
2026-01-19,SaaS,592340,411,0,14216.16,96067.81,0.6803,OK
2026-01-19,PublicSector,433598,560,0,7804.76,96067.81,0.6803,OK
2026-01-19,Manufacturing,422191,498,1,8443.82,96067.81,0.6803,OK
2026-01-20,Finance,1252027,408,0,40064.86,88069.49,0.6877,OK
2026-01-20,Healthcare,674267,439,0,17530.94,88069.49,0.6877,OK
2026-01-20,Retail,540283,503,0,11345.94,88069.49,0.6877,OK
2026-01-20,SaaS,759904,442,0,18237.7,88069.49,0.6877,OK
2026-01-20,PublicSector,423225,556,0,7618.05,88069.49,0.6877,OK
2026-01-20,Manufacturing,495749,485,0,9914.98,88069.49,0.6877,OK
2026-01-21,Finance,1247806,392,0,39929.79,83128.99,0.6861,OK
2026-01-21,Healthcare,735141,452,0,19113.67,83128.99,0.6861,OK
2026-01-21,Retail,563823,517,0,11840.28,83128.99,0.6861,OK
2026-01-21,SaaS,757764,412,0,18186.34,83128.99,0.6861,OK
2026-01-21,PublicSector,434999,546,0,7829.98,83128.99,0.6861,OK
2026-01-21,Manufacturing,489065,524,1,9781.3,83128.99,0.6861,OK
2026-01-22,Finance,1249825,406,0,39994.4,86553.89,0.6822,OK
2026-01-22,Healthcare,658834,471,0,17129.68,86553.89,0.6822,OK
2026-01-22,Retail,579725,530,0,12174.23,86553.89,0.6822,OK
2026-01-22,SaaS,764310,431,0,18343.44,86553.89,0.6822,OK
2026-01-22,PublicSector,433483,567,0,7802.69,86553.89,0.6822,OK
2026-01-22,Manufacturing,502960,507,1,10059.2,86553.89,0.6822,OK
2026-01-23,Finance,1191981,404,2,38143.39,78046.83,0.6824,OK
2026-01-23,Healthcare,694329,457,0,18052.55,78046.83,0.6824,OK
2026-01-23,Retail,528965,514,0,11108.27,78046.83,0.6824,OK
2026-01-23,SaaS,769875,432,0,18477.0,78046.83,0.6824,OK
2026-01-23,PublicSector,384757,551,0,6925.63,78046.83,0.6824,OK
2026-01-23,Manufacturing,466752,510,0,9335.04,78046.83,0.6824,OK
2026-01-24,Finance,994746,412,0,31831.87,75661.05,0.6823,OK
2026-01-24,Healthcare,456079,463,0,11858.05,75661.05,0.6823,OK
2026-01-24,Retail,471468,517,0,9900.83,75661.05,0.6823,OK
2026-01-24,SaaS,578196,425,0,13876.7,75661.05,0.6823,OK
2026-01-24,PublicSector,331247,553,1,5962.45,75661.05,0.6823,OK
2026-01-24,Manufacturing,386306,494,0,7726.12,75661.05,0.6823,OK
2026-01-25,Finance,955353,410,0,30571.3,84204.51,0.6761,OK
2026-01-25,Healthcare,523823,459,0,13619.4,84204.51,0.6761,OK
2026-01-25,Retail,453586,506,0,9525.31,84204.51,0.6761,OK
2026-01-25,SaaS,632498,430,0,15179.95,84204.51,0.6761,OK
2026-01-25,PublicSector,323025,573,0,5814.45,84204.51,0.6761,OK
2026-01-25,Manufacturing,394185,484,0,7883.7,84204.51,0.6761,OK
2026-01-26,Finance,1273551,402,0,40753.63,89292.33,0.6845,OK
2026-01-26,Healthcare,597819,441,0,15543.29,89292.33,0.6845,OK
2026-01-26,Retail,540713,502,1,11354.97,89292.33,0.6845,OK
2026-01-26,SaaS,615475,425,1,14771.4,89292.33,0.6845,OK
2026-01-26,PublicSector,382966,563,0,6893.39,89292.33,0.6845,OK
2026-01-26,Manufacturing,489862,502,0,9797.24,89292.33,0.6845,OK
2026-01-27,Finance,1256645,403,1,40212.64,91658.14,0.6826,OK
2026-01-27,Healthcare,705720,463,0,18348.72,91658.14,0.6826,OK
2026-01-27,Retail,542078,495,0,11383.64,91658.14,0.6826,OK
2026-01-27,SaaS,755851,444,1,18140.42,91658.14,0.6826,OK
2026-01-27,PublicSector,468862,568,0,8439.52,91658.14,0.6826,OK
2026-01-27,Manufacturing,504591,490,0,10091.82,91658.14,0.6826,OK
2026-01-28,Finance,1326603,424,0,42451.3,85065.22,0.6946,OK
2026-01-28,Healthcare,722149,448,0,18775.87,85065.22,0.6946,OK
2026-01-28,Retail,557352,515,0,11704.39,85065.22,0.6946,OK
2026-01-28,SaaS,695623,432,1,16694.95,85065.22,0.6946,OK
2026-01-28,PublicSector,450006,557,0,8100.11,85065.22,0.6946,OK
2026-01-28,Manufacturing,511108,495,0,10222.16,85065.22,0.6946,OK
2026-01-29,Finance,1214947,411,0,38878.3,94395.12,0.6867,OK
2026-01-29,Healthcare,671422,438,1,17456.97,94395.12,0.6867,OK
2026-01-29,Retail,577014,513,0,12117.29,94395.12,0.6867,OK
2026-01-29,SaaS,744689,437,0,17872.54,94395.12,0.6867,OK
2026-01-29,PublicSector,377876,577,0,6801.77,94395.12,0.6867,OK
2026-01-29,Manufacturing,522916,491,0,10458.32,94395.12,0.6867,OK
2026-01-30,Finance,1147300,409,0,36713.6,90617.23,0.6855,OK
2026-01-30,Healthcare,660633,451,0,17176.46,90617.23,0.6855,OK
2026-01-30,Retail,494095,493,0,10376.0,90617.23,0.6855,OK
2026-01-30,SaaS,672469,443,0,16139.26,90617.23,0.6855,OK
2026-01-30,PublicSector,394491,564,0,7100.84,90617.23,0.6855,OK
2026-01-30,Manufacturing,512313,480,0,10246.26,90617.23,0.6855,OK
2026-01-31,Finance,1034963,409,0,33118.82,100033.84,0.6814,OK
2026-01-31,Healthcare,520296,469,0,13527.7,100033.84,0.6814,OK
2026-01-31,Retail,440010,525,0,9240.21,100033.84,0.6814,OK
2026-01-31,SaaS,564570,444,1,13549.68,100033.84,0.6814,OK
2026-01-31,PublicSector,370807,566,0,6674.53,100033.84,0.6814,OK
2026-01-31,Manufacturing,388857,507,1,7777.14,100033.84,0.6814,OK
2026-02-01,Finance,969241,407,0,31015.71,96340.56,0.6831,OK
2026-02-01,Healthcare,528772,452,0,13748.07,96340.56,0.6831,OK
2026-02-01,Retail,387712,510,0,8141.95,96340.56,0.6831,OK
2026-02-01,SaaS,583345,426,0,14000.28,96340.56,0.6831,OK
2026-02-01,PublicSector,378190,570,0,6807.42,96340.56,0.6831,OK
2026-02-01,Manufacturing,345211,492,0,6904.22,96340.56,0.6831,OK
2026-02-02,Finance,1176360,395,0,37643.52,88009.27,0.6852,OK
2026-02-02,Healthcare,570842,449,0,14841.89,88009.27,0.6852,OK
2026-02-02,Retail,572363,521,0,12019.62,88009.27,0.6852,OK
2026-02-02,SaaS,677220,425,0,16253.28,88009.27,0.6852,OK
2026-02-02,PublicSector,381341,546,0,6864.14,88009.27,0.6852,OK
2026-02-02,Manufacturing,499268,496,0,9985.36,88009.27,0.6852,OK
2026-02-03,Finance,1457742,412,1,46647.74,96458.56,0.6799,OK
2026-02-03,Healthcare,818850,457,0,21290.1,96458.56,0.6799,OK
2026-02-03,Retail,677502,510,1,14227.54,96458.56,0.6799,OK
2026-02-03,SaaS,801142,421,2,19227.41,96458.56,0.6799,OK
2026-02-03,PublicSector,502357,574,0,9042.43,96458.56,0.6799,OK
2026-02-03,Manufacturing,520529,501,0,10410.58,96458.56,0.6799,OK
2026-02-04,Finance,1184673,371,0,37909.54,85856.63,0.6786,OK
2026-02-04,Healthcare,756281,471,0,19663.31,85856.63,0.6786,OK
2026-02-04,Retail,659150,512,1,13842.15,85856.63,0.6786,OK
2026-02-04,SaaS,779341,418,0,18704.18,85856.63,0.6786,OK
2026-02-04,PublicSector,456985,566,0,8225.73,85856.63,0.6786,OK
2026-02-04,Manufacturing,576700,507,1,11534.0,85856.63,0.6786,OK
2026-02-05,Finance,1362140,392,0,43588.48,84322.4,0.6756,OK
2026-02-05,Healthcare,804573,433,0,20918.9,84322.4,0.6756,OK
2026-02-05,Retail,629552,510,1,13220.59,84322.4,0.6756,OK
2026-02-05,SaaS,894514,434,0,21468.34,84322.4,0.6756,OK
2026-02-05,PublicSector,574257,565,0,10336.63,84322.4,0.6756,OK
2026-02-05,Manufacturing,564422,480,1,11288.44,84322.4,0.6756,OK
2026-02-06,Finance,1256978,401,0,40223.3,80427.85,0.6959,OK
2026-02-06,Healthcare,675825,452,0,17571.45,80427.85,0.6959,OK
2026-02-06,Retail,548606,500,0,11520.73,80427.85,0.6959,OK
2026-02-06,SaaS,701714,444,0,16841.14,80427.85,0.6959,OK
2026-02-06,PublicSector,462904,564,0,8332.27,80427.85,0.6959,OK
2026-02-06,Manufacturing,520951,495,0,10419.02,80427.85,0.6959,OK
2026-02-07,Finance,1093009,401,0,34976.29,83218.33,0.6854,OK
2026-02-07,Healthcare,527185,472,1,13706.81,83218.33,0.6854,OK
2026-02-07,Retail,506438,510,0,10635.2,83218.33,0.6854,OK
2026-02-07,SaaS,601447,421,0,14434.73,83218.33,0.6854,OK
2026-02-07,PublicSector,356531,554,0,6417.56,83218.33,0.6854,OK
2026-02-07,Manufacturing,480716,493,0,9614.32,83218.33,0.6854,OK
2026-02-08,Finance,1061866,389,0,33979.71,73449.75,0.6807,OK
2026-02-08,Healthcare,623666,446,0,16215.32,73449.75,0.6807,OK
2026-02-08,Retail,470704,509,0,9884.78,73449.75,0.6807,OK
2026-02-08,SaaS,601866,431,0,14444.78,73449.75,0.6807,OK
2026-02-08,PublicSector,377496,575,0,6794.93,73449.75,0.6807,OK
2026-02-08,Manufacturing,492694,501,0,9853.88,73449.75,0.6807,OK
2026-02-09,Finance,1242782,408,0,39769.02,134244.25,0.6718,OK
2026-02-09,Healthcare,695203,449,0,18075.28,134244.25,0.6718,OK
2026-02-09,Retail,596671,490,0,12530.09,134244.25,0.6718,OK
2026-02-09,SaaS,760711,445,0,18257.06,134244.25,0.6718,OK
2026-02-09,PublicSector,453144,565,0,8156.59,134244.25,0.6718,OK
2026-02-09,Manufacturing,479182,486,0,9583.64,134244.25,0.6718,OK
2026-02-10,Finance,1647262,438,0,52712.38,138298.85,0.6822,OK
2026-02-10,Healthcare,747856,467,0,19444.26,138298.85,0.6822,OK
2026-02-10,Retail,664442,533,0,13953.28,138298.85,0.6822,OK
2026-02-10,SaaS,791036,475,2,18984.86,138298.85,0.6822,OK
2026-02-10,PublicSector,520880,582,0,9375.84,138298.85,0.6822,OK
2026-02-10,Manufacturing,526037,522,1,10520.74,138298.85,0.6822,OK
2026-02-11,Finance,1612934,422,1,51613.89,136833.54,0.6767,OK
2026-02-11,Healthcare,747545,467,0,19436.17,136833.54,0.6767,OK
2026-02-11,Retail,612991,548,0,12872.81,136833.54,0.6767,OK
2026-02-11,SaaS,818740,473,0,19649.76,136833.54,0.6767,OK
2026-02-11,PublicSector,472687,590,0,8508.37,136833.54,0.6767,OK
2026-02-11,Manufacturing,619170,499,0,12383.4,136833.54,0.6767,OK
2026-02-12,Finance,1789412,408,0,57261.18,144831.39,0.6809,OK
2026-02-12,Healthcare,862416,481,0,22422.82,144831.39,0.6809,OK
2026-02-12,Retail,628139,535,0,13190.92,144831.39,0.6809,OK
2026-02-12,SaaS,850168,469,1,20404.03,144831.39,0.6809,OK
2026-02-12,PublicSector,470841,577,0,8475.14,144831.39,0.6809,OK
2026-02-12,Manufacturing,548172,507,0,10963.44,144831.39,0.6809,OK
2026-02-13,Finance,1422535,405,0,45521.12,94155.59,0.6806,OK
2026-02-13,Healthcare,745927,447,0,19394.1,94155.59,0.6806,OK
2026-02-13,Retail,537809,516,0,11293.99,94155.59,0.6806,OK
2026-02-13,SaaS,783299,445,0,18799.18,94155.59,0.6806,OK
2026-02-13,PublicSector,462583,575,0,8326.49,94155.59,0.6806,OK
2026-02-13,Manufacturing,499146,516,0,9982.92,94155.59,0.6806,OK
2026-02-14,Finance,1025194,412,0,32806.21,95713.15,0.6819,OK
2026-02-14,Healthcare,605764,466,0,15749.86,95713.15,0.6819,OK
2026-02-14,Retail,520115,506,0,10922.41,95713.15,0.6819,OK
2026-02-14,SaaS,617297,436,0,14815.13,95713.15,0.6819,OK
2026-02-14,PublicSector,371093,559,0,6679.67,95713.15,0.6819,OK
2026-02-14,Manufacturing,460248,501,0,9204.96,95713.15,0.6819,OK
2026-02-15,Finance,1045516,405,0,33456.51,96005.96,0.6846,OK
2026-02-15,Healthcare,562775,447,0,14632.15,96005.96,0.6846,OK
2026-02-15,Retail,451909,519,1,9490.09,96005.96,0.6846,OK
2026-02-15,SaaS,722853,439,0,17348.47,96005.96,0.6846,OK
2026-02-15,PublicSector,374816,573,0,6746.69,96005.96,0.6846,OK
2026-02-15,Manufacturing,426653,506,0,8533.06,96005.96,0.6846,OK
2026-02-16,Finance,1281715,407,0,41014.88,87897.95,0.6891,OK
2026-02-16,Healthcare,733050,443,0,19059.3,87897.95,0.6891,OK
2026-02-16,Retail,553712,524,0,11627.95,87897.95,0.6891,OK
2026-02-16,SaaS,732484,420,0,17579.62,87897.95,0.6891,OK
2026-02-16,PublicSector,441531,558,0,7947.56,87897.95,0.6891,OK
2026-02-16,Manufacturing,523380,498,0,10467.6,87897.95,0.6891,OK
2026-02-17,Finance,1530165,379,0,48965.28,95609.05,0.6854,OK
2026-02-17,Healthcare,830221,447,0,21585.75,95609.05,0.6854,OK
2026-02-17,Retail,622485,501,0,13072.18,95609.05,0.6854,OK
2026-02-17,SaaS,778919,432,0,18694.06,95609.05,0.6854,OK
2026-02-17,PublicSector,506196,556,0,9111.53,95609.05,0.6854,OK
2026-02-17,Manufacturing,526017,505,0,10520.34,95609.05,0.6854,OK
2026-02-18,Finance,1343333,416,0,42986.66,89701.7,0.6828,OK
2026-02-18,Healthcare,756329,446,0,19664.55,89701.7,0.6828,OK
2026-02-18,Retail,719936,501,0,15118.66,89701.7,0.6828,OK
2026-02-18,SaaS,716129,450,1,17187.1,89701.7,0.6828,OK
2026-02-18,PublicSector,482483,573,0,8684.69,89701.7,0.6828,OK
2026-02-18,Manufacturing,625286,515,0,12505.72,89701.7,0.6828,OK
2026-02-19,Finance,1447290,397,0,46313.28,78632.57,0.6838,OK
2026-02-19,Healthcare,700895,454,0,18223.27,78632.57,0.6838,OK
2026-02-19,Retail,581285,503,0,12206.99,78632.57,0.6838,OK
2026-02-19,SaaS,924640,439,0,22191.36,78632.57,0.6838,OK
2026-02-19,PublicSector,478402,547,0,8611.24,78632.57,0.6838,OK
2026-02-19,Manufacturing,545652,501,0,10913.04,78632.57,0.6838,OK
2026-02-20,Finance,1416106,397,0,45315.39,79885.73,0.6935,OK
2026-02-20,Healthcare,629160,449,0,16358.16,79885.73,0.6935,OK
2026-02-20,Retail,588529,478,0,12359.11,79885.73,0.6935,OK
2026-02-20,SaaS,850525,443,0,20412.6,79885.73,0.6935,OK
2026-02-20,PublicSector,449834,559,0,8097.01,79885.73,0.6935,OK
2026-02-20,Manufacturing,486616,481,0,9732.32,79885.73,0.6935,OK
2026-02-21,Finance,1060381,403,0,33932.19,84060.21,0.6836,OK
2026-02-21,Healthcare,643087,442,0,16720.26,84060.21,0.6836,OK
2026-02-21,Retail,539670,521,0,11333.07,84060.21,0.6836,OK
2026-02-21,SaaS,678812,461,0,16291.49,84060.21,0.6836,OK
2026-02-21,PublicSector,369330,579,0,6647.94,84060.21,0.6836,OK
2026-02-21,Manufacturing,415913,487,0,8318.26,84060.21,0.6836,OK
2026-02-22,Finance,1062567,414,0,34002.14,72439.6,0.6816,OK
2026-02-22,Healthcare,652693,473,1,16970.02,72439.6,0.6816,OK
2026-02-22,Retail,529543,500,0,11120.4,72439.6,0.6816,OK
2026-02-22,SaaS,621029,435,0,14904.7,72439.6,0.6816,OK
2026-02-22,PublicSector,351114,563,0,6320.05,72439.6,0.6816,OK
2026-02-22,Manufacturing,437216,473,0,8744.32,72439.6,0.6816,OK
2026-02-23,Finance,1316258,409,0,42120.26,77573.28,0.6912,OK
2026-02-23,Healthcare,649776,455,0,16894.18,77573.28,0.6912,OK
2026-02-23,Retail,622998,535,0,13082.96,77573.28,0.6912,OK
2026-02-23,SaaS,706333,454,0,16951.99,77573.28,0.6912,OK
2026-02-23,PublicSector,405020,563,0,7290.36,77573.28,0.6912,OK
2026-02-23,Manufacturing,473368,476,0,9467.36,77573.28,0.6912,OK
2026-02-24,Finance,1337208,392,0,42790.66,80639.14,0.6803,OK
2026-02-24,Healthcare,777541,456,0,20216.07,80639.14,0.6803,OK
2026-02-24,Retail,680972,510,0,14300.41,80639.14,0.6803,OK
2026-02-24,SaaS,809917,443,0,19438.01,80639.14,0.6803,OK
2026-02-24,PublicSector,489931,566,0,8818.76,80639.14,0.6803,OK
2026-02-24,Manufacturing,548883,515,0,10977.66,80639.14,0.6803,OK
2026-02-25,Finance,1461605,407,0,46771.36,89566.9,0.6891,OK
2026-02-25,Healthcare,768810,443,0,19989.06,89566.9,0.6891,OK
2026-02-25,Retail,615448,514,0,12924.41,89566.9,0.6891,OK
2026-02-25,SaaS,867885,449,0,20829.24,89566.9,0.6891,OK
2026-02-25,PublicSector,466615,554,0,8399.07,89566.9,0.6891,OK
2026-02-25,Manufacturing,510511,484,0,10210.22,89566.9,0.6891,OK
2026-02-26,Finance,1351999,399,0,43263.97,81934.43,0.6884,OK
2026-02-26,Healthcare,729987,463,0,18979.66,81934.43,0.6884,OK
2026-02-26,Retail,643738,517,0,13518.5,81934.43,0.6884,OK
2026-02-26,SaaS,817479,435,0,19619.5,81934.43,0.6884,OK
2026-02-26,PublicSector,496671,580,0,8940.08,81934.43,0.6884,OK
2026-02-26,Manufacturing,596999,513,0,11939.98,81934.43,0.6884,OK
2026-02-27,Finance,1322561,402,0,42321.95,92753.73,0.6883,OK
2026-02-27,Healthcare,677165,457,0,17606.29,92753.73,0.6883,OK
2026-02-27,Retail,638222,511,0,13402.66,92753.73,0.6883,OK
2026-02-27,SaaS,886749,437,0,21281.98,92753.73,0.6883,OK
2026-02-27,PublicSector,402734,553,0,7249.21,92753.73,0.6883,OK
2026-02-27,Manufacturing,546897,488,0,10937.94,92753.73,0.6883,OK
2026-02-28,Finance,1075815,410,0,34426.08,97312.01,0.6813,OK
2026-02-28,Healthcare,539798,469,0,14034.75,97312.01,0.6813,OK
2026-02-28,Retail,469315,505,0,9855.61,97312.01,0.6813,OK
2026-02-28,SaaS,688579,445,0,16525.9,97312.01,0.6813,OK
2026-02-28,PublicSector,383927,555,0,6910.69,97312.01,0.6813,OK
2026-02-28,Manufacturing,431122,489,0,8622.44,97312.01,0.6813,OK
2026-03-01,Finance,1135925,400,0,36349.6,97316.17,0.6935,OK
2026-03-01,Healthcare,547859,453,0,14244.33,97316.17,0.6935,OK
2026-03-01,Retail,522623,512,0,10975.08,97316.17,0.6935,OK
2026-03-01,SaaS,713807,435,0,17131.37,97316.17,0.6935,OK
2026-03-01,PublicSector,373510,535,0,6723.18,97316.17,0.6935,OK
2026-03-01,Manufacturing,469799,502,0,9395.98,97316.17,0.6935,OK
2026-03-02,Finance,1100307,388,1,35209.82,97465.49,0.6812,OK
2026-03-02,Healthcare,647115,434,0,16824.99,97465.49,0.6812,OK
2026-03-02,Retail,637209,502,0,13381.39,97465.49,0.6812,OK
2026-03-02,SaaS,792151,417,0,19011.62,97465.49,0.6812,OK
2026-03-02,PublicSector,469189,574,1,8445.4,97465.49,0.6812,OK
2026-03-02,Manufacturing,546983,502,0,10939.66,97465.49,0.6812,OK
2026-03-03,Finance,1304706,397,0,41750.59,94103.29,0.6881,OK
2026-03-03,Healthcare,814997,439,0,21189.92,94103.29,0.6881,OK
2026-03-03,Retail,686696,510,0,14420.62,94103.29,0.6881,OK
2026-03-03,SaaS,853591,427,0,20486.18,94103.29,0.6881,OK
2026-03-03,PublicSector,549376,579,0,9888.77,94103.29,0.6881,OK
2026-03-03,Manufacturing,500205,481,0,10004.1,94103.29,0.6881,OK
2026-03-04,Finance,1339379,396,1,42860.13,86029.19,0.6861,OK
2026-03-04,Healthcare,821068,446,0,21347.77,86029.19,0.6861,OK
2026-03-04,Retail,617204,502,0,12961.28,86029.19,0.6861,OK
2026-03-04,SaaS,818190,433,0,19636.56,86029.19,0.6861,OK
2026-03-04,PublicSector,524891,558,0,9448.04,86029.19,0.6861,OK
2026-03-04,Manufacturing,582979,492,0,11659.58,86029.19,0.6861,OK
2026-03-05,Finance,1521110,402,0,50622.54,90217.3,0.7101,OK
2026-03-05,Healthcare,812463,426,0,21969.0,90217.3,0.7101,OK
2026-03-05,Retail,667005,498,1,14567.39,90217.3,0.7101,OK
2026-03-05,SaaS,899943,430,0,22462.58,90217.3,0.7101,OK
2026-03-05,PublicSector,635969,558,0,11905.34,90217.3,0.7101,OK
2026-03-05,Manufacturing,621669,487,0,12930.72,90217.3,0.7101,OK
2026-03-06,Finance,1436441,405,1,47804.76,77522.35,0.7102,OK
2026-03-06,Healthcare,760141,450,2,20554.21,77522.35,0.7102,OK
2026-03-06,Retail,630339,505,0,13766.6,77522.35,0.7102,OK
2026-03-06,SaaS,830791,437,1,20736.54,77522.35,0.7102,OK
2026-03-06,PublicSector,516940,561,0,9677.12,77522.35,0.7102,OK
2026-03-06,Manufacturing,595209,514,0,12380.35,77522.35,0.7102,OK
2026-03-07,Finance,1079593,391,0,35928.86,79862.1,0.7064,OK
2026-03-07,Healthcare,612036,465,1,16549.45,79862.1,0.7064,OK
2026-03-07,Retail,569346,514,0,12434.52,79862.1,0.7064,OK
2026-03-07,SaaS,627944,440,0,15673.48,79862.1,0.7064,OK
2026-03-07,PublicSector,400488,559,0,7497.14,79862.1,0.7064,OK
2026-03-07,Manufacturing,466815,508,0,9709.75,79862.1,0.7064,OK
2026-03-08,Finance,1182409,398,1,39350.57,77998.36,0.7119,OK
2026-03-08,Healthcare,656913,429,0,17762.93,77998.36,0.7119,OK
2026-03-08,Retail,538327,497,0,11757.06,77998.36,0.7119,OK
2026-03-08,SaaS,796671,441,0,19884.91,77998.36,0.7119,OK
2026-03-08,PublicSector,390531,545,0,7310.74,77998.36,0.7119,OK
2026-03-08,Manufacturing,485207,496,0,10092.31,77998.36,0.7119,OK
2026-03-09,Finance,1258854,385,0,41894.66,85360.97,0.7119,OK
2026-03-09,Healthcare,672757,440,0,18191.35,85360.97,0.7119,OK
2026-03-09,Retail,572273,511,0,12498.44,85360.97,0.7119,OK
2026-03-09,SaaS,820997,434,0,20492.09,85360.97,0.7119,OK
2026-03-09,PublicSector,487649,560,0,9128.79,85360.97,0.7119,OK
2026-03-09,Manufacturing,485001,496,0,10088.02,85360.97,0.7119,OK
2026-03-10,Finance,1526672,397,0,50807.64,86418.72,0.708,OK
2026-03-10,Healthcare,826362,456,0,22344.83,86418.72,0.708,OK
2026-03-10,Retail,689502,511,0,15058.72,86418.72,0.708,OK
2026-03-10,SaaS,1001620,404,0,25000.44,86418.72,0.708,OK
2026-03-10,PublicSector,564426,554,0,10566.05,86418.72,0.708,OK
2026-03-10,Manufacturing,590869,508,0,12290.08,86418.72,0.708,OK
2026-03-11,Finance,1484194,384,0,49393.98,86123.71,0.7049,OK
2026-03-11,Healthcare,893217,442,0,24152.59,86123.71,0.7049,OK
2026-03-11,Retail,725963,502,0,15855.03,86123.71,0.7049,OK
2026-03-11,SaaS,849250,437,0,21197.28,86123.71,0.7049,OK
2026-03-11,PublicSector,546924,567,0,10238.42,86123.71,0.7049,OK
2026-03-11,Manufacturing,605433,494,0,12593.01,86123.71,0.7049,OK
2026-03-12,Finance,1547740,395,0,51508.79,91869.26,0.6967,OK
2026-03-12,Healthcare,910310,441,0,24614.78,91869.26,0.6967,OK
2026-03-12,Retail,655538,516,1,14316.95,91869.26,0.6967,OK
2026-03-12,SaaS,927095,424,0,23140.29,91869.26,0.6967,OK
2026-03-12,PublicSector,535326,559,0,10021.3,91869.26,0.6967,OK
2026-03-12,Manufacturing,618588,497,0,12866.63,91869.26,0.6967,OK
2026-03-13,Finance,1462106,406,0,48658.89,98717.49,0.7117,OK
2026-03-13,Healthcare,733020,450,0,19820.86,98717.49,0.7117,OK
2026-03-13,Retail,573487,523,0,12524.96,98717.49,0.7117,OK
2026-03-13,SaaS,919235,441,0,22944.11,98717.49,0.7117,OK
2026-03-13,PublicSector,490172,554,0,9176.02,98717.49,0.7117,OK
2026-03-13,Manufacturing,612243,507,0,12734.65,98717.49,0.7117,OK
2026-03-14,Finance,1226584,409,0,40820.72,96016.65,0.7106,OK
2026-03-14,Healthcare,642643,451,1,17377.07,96016.65,0.7106,OK
2026-03-14,Retail,512182,470,0,11186.05,96016.65,0.7106,OK
2026-03-14,SaaS,620350,417,0,15483.94,96016.65,0.7106,OK
2026-03-14,PublicSector,451221,549,0,8446.86,96016.65,0.7106,OK
2026-03-14,Manufacturing,422135,499,0,8780.41,96016.65,0.7106,OK
2026-03-15,Finance,1327599,416,0,44182.49,101203.53,0.7062,OK
2026-03-15,Healthcare,705969,448,0,19089.4,101203.53,0.7062,OK
2026-03-15,Retail,560083,517,0,12232.21,101203.53,0.7062,OK
2026-03-15,SaaS,708414,427,0,17682.01,101203.53,0.7062,OK
2026-03-15,PublicSector,419793,556,0,7858.52,101203.53,0.7062,OK
2026-03-15,Manufacturing,415659,473,0,8645.71,101203.53,0.7062,OK
2026-03-16,Finance,1317881,395,0,43859.08,91214.31,0.6979,OK
2026-03-16,Healthcare,709306,440,0,19179.63,91214.31,0.6979,OK
2026-03-16,Retail,649002,477,0,14174.2,91214.31,0.6979,OK
2026-03-16,SaaS,795800,434,0,19863.17,91214.31,0.6979,OK
2026-03-16,PublicSector,499236,550,0,9345.7,91214.31,0.6979,OK
2026-03-16,Manufacturing,527471,487,0,10971.4,91214.31,0.6979,OK
2026-03-17,Finance,1549912,409,0,51581.07,94587.29,0.7057,OK
2026-03-17,Healthcare,822070,448,0,22228.77,94587.29,0.7057,OK
2026-03-17,Retail,659411,507,0,14401.54,94587.29,0.7057,OK
2026-03-17,SaaS,910573,434,0,22727.9,94587.29,0.7057,OK
2026-03-17,PublicSector,522941,561,0,9789.46,94587.29,0.7057,OK
2026-03-17,Manufacturing,638108,485,0,13272.65,94587.29,0.7057,OK
2026-03-18,Finance,1521761,404,0,50644.21,86249.28,0.7091,OK
2026-03-18,Healthcare,798437,469,0,21589.74,86249.28,0.7091,OK
2026-03-18,Retail,711616,507,0,15541.69,86249.28,0.7091,OK
2026-03-18,SaaS,890178,439,0,22218.84,86249.28,0.7091,OK
2026-03-18,PublicSector,609127,563,0,11402.86,86249.28,0.7091,OK
2026-03-18,Manufacturing,640914,484,0,13331.01,86249.28,0.7091,OK
2026-03-19,Finance,1502504,383,0,50003.33,80084.34,0.7047,OK
2026-03-19,Healthcare,863617,454,0,23352.2,80084.34,0.7047,OK
2026-03-19,Retail,814504,511,0,17788.77,80084.34,0.7047,OK
2026-03-19,SaaS,884621,417,0,22080.14,80084.34,0.7047,OK
2026-03-19,PublicSector,514883,548,0,9638.61,80084.34,0.7047,OK
2026-03-19,Manufacturing,584558,509,0,12158.81,80084.34,0.7047,OK
2026-03-20,Finance,1377846,417,1,45854.71,78442.49,0.7056,OK
2026-03-20,Healthcare,873686,435,0,23624.47,78442.49,0.7056,OK
2026-03-20,Retail,611267,512,0,13350.07,78442.49,0.7056,OK
2026-03-20,SaaS,932744,431,0,23281.29,78442.49,0.7056,OK
2026-03-20,PublicSector,540386,555,0,10116.03,78442.49,0.7056,OK
2026-03-20,Manufacturing,644897,516,0,13413.86,78442.49,0.7056,OK
2026-03-21,Finance,983078,477,0,32716.84,80403.02,0.6689,OK
2026-03-21,Healthcare,581632,546,0,15727.33,80403.02,0.6689,OK
2026-03-21,Retail,457677,576,0,9995.67,80403.02,0.6689,OK
2026-03-21,SaaS,567482,524,0,14164.35,80403.02,0.6689,OK
2026-03-21,PublicSector,385943,660,0,7224.85,80403.02,0.6689,OK
2026-03-21,Manufacturing,395418,584,0,8224.69,80403.02,0.6689,OK
2026-03-22,Finance,993595,500,0,33066.84,86168.1,0.6769,OK
2026-03-22,Healthcare,546440,521,1,14775.74,86168.1,0.6769,OK
2026-03-22,Retail,454632,581,0,9929.16,86168.1,0.6769,OK
2026-03-22,SaaS,629114,518,0,15702.69,86168.1,0.6769,OK
2026-03-22,PublicSector,345052,652,0,6459.37,86168.1,0.6769,OK
2026-03-22,Manufacturing,406635,576,0,8458.01,86168.1,0.6769,OK
2026-03-23,Finance,1259867,473,0,41928.37,80208.74,0.6775,OK
2026-03-23,Healthcare,688108,553,0,18606.44,80208.74,0.6775,OK
2026-03-23,Retail,491648,582,0,10737.59,80208.74,0.6775,OK
2026-03-23,SaaS,733195,527,0,18300.55,80208.74,0.6775,OK
2026-03-23,PublicSector,427617,665,0,8004.99,80208.74,0.6775,OK
2026-03-23,Manufacturing,433173,593,0,9010.0,80208.74,0.6775,OK
2026-03-24,Finance,1504572,384,0,50072.16,83899.66,0.6978,OK
2026-03-24,Healthcare,853450,458,0,23077.29,83899.66,0.6978,OK
2026-03-24,Retail,683894,497,0,14936.24,83899.66,0.6978,OK
2026-03-24,SaaS,878534,428,0,21928.21,83899.66,0.6978,OK
2026-03-24,PublicSector,587962,561,0,11006.65,83899.66,0.6978,OK
2026-03-24,Manufacturing,620388,506,0,12904.07,83899.66,0.6978,OK
2026-03-25,Finance,1297660,384,0,43186.12,87090.16,0.7075,OK
2026-03-25,Healthcare,786839,442,0,21276.13,87090.16,0.7075,OK
2026-03-25,Retail,658798,505,0,14388.15,87090.16,0.7075,OK
2026-03-25,SaaS,991268,423,0,24742.05,87090.16,0.7075,OK
2026-03-25,PublicSector,570246,564,0,10675.01,87090.16,0.7075,OK
2026-03-25,Manufacturing,662185,497,0,13773.45,87090.16,0.7075,OK
2026-03-26,Finance,1633748,418,0,54371.13,90582.0,0.702,OK
2026-03-26,Healthcare,780382,443,0,21101.53,90582.0,0.702,OK
2026-03-26,Retail,660407,510,0,14423.29,90582.0,0.702,OK
2026-03-26,SaaS,884313,432,0,22072.45,90582.0,0.702,OK
2026-03-26,PublicSector,526937,575,0,9864.26,90582.0,0.702,OK
2026-03-26,Manufacturing,664521,484,0,13822.04,90582.0,0.702,OK
2026-03-27,Finance,1392748,410,0,46350.65,96709.08,0.7113,OK
2026-03-27,Healthcare,708696,452,0,19163.14,96709.08,0.7113,OK
2026-03-27,Retail,608655,518,0,13293.03,96709.08,0.7113,OK
2026-03-27,SaaS,844746,431,0,21084.86,96709.08,0.7113,OK
2026-03-27,PublicSector,489636,572,0,9165.99,96709.08,0.7113,OK
2026-03-27,Manufacturing,550249,493,0,11445.18,96709.08,0.7113,OK
2026-03-28,Finance,1156165,396,0,38477.17,95432.01,0.7097,OK
2026-03-28,Healthcare,636766,447,0,17218.15,95432.01,0.7097,OK
2026-03-28,Retail,539368,506,0,11779.8,95432.01,0.7097,OK
2026-03-28,SaaS,753494,423,0,18807.21,95432.01,0.7097,OK
2026-03-28,PublicSector,388864,545,1,7279.53,95432.01,0.7097,OK
2026-03-28,Manufacturing,450603,473,0,9372.54,95432.01,0.7097,OK
2026-03-29,Finance,1052710,397,0,35034.19,97529.46,0.71,OK
2026-03-29,Healthcare,649038,445,0,17549.99,97529.46,0.71,OK
2026-03-29,Retail,551857,518,0,12052.56,97529.46,0.71,OK
2026-03-29,SaaS,681298,419,0,17005.2,97529.46,0.71,OK
2026-03-29,PublicSector,462238,569,0,8653.1,97529.46,0.71,OK
2026-03-29,Manufacturing,498388,476,0,10366.47,97529.46,0.71,OK
2026-03-30,Finance,1458598,410,0,48542.14,88795.03,0.7065,OK
2026-03-30,Healthcare,809778,452,0,21896.4,88795.03,0.7065,OK
2026-03-30,Retail,592520,506,0,12940.64,88795.03,0.7065,OK
2026-03-30,SaaS,799670,441,0,19959.76,88795.03,0.7065,OK
2026-03-30,PublicSector,485606,546,0,9090.54,88795.03,0.7065,OK
2026-03-30,Manufacturing,505282,489,0,10509.87,88795.03,0.7065,OK
2026-03-31,Finance,1563916,411,0,52047.12,83529.16,0.7104,OK
2026-03-31,Healthcare,857750,459,1,23193.56,83529.16,0.7104,OK
2026-03-31,Retail,708770,505,0,15479.54,83529.16,0.7104,OK
2026-03-31,SaaS,887521,437,0,22152.52,83529.16,0.7104,OK
2026-03-31,PublicSector,580418,542,0,10865.42,83529.16,0.7104,OK
2026-03-31,Manufacturing,560765,487,0,11663.91,83529.16,0.7104,OK
2026-04-01,Finance,1500232,381,0,49927.72,101094.22,0.7039,OK
2026-04-01,Healthcare,827673,463,0,22380.28,101094.22,0.7039,OK
2026-04-01,Retail,749700,510,0,16373.45,101094.22,0.7039,OK
2026-04-01,SaaS,948618,434,1,23677.51,101094.22,0.7039,OK
2026-04-01,PublicSector,521474,554,1,9761.99,101094.22,0.7039,OK
2026-04-01,Manufacturing,660551,505,0,13739.46,101094.22,0.7039,OK
2026-04-02,Finance,1471947,387,0,48986.4,96440.85,0.7164,OK
2026-04-02,Healthcare,810888,446,0,21926.41,96440.85,0.7164,OK
2026-04-02,Retail,688396,505,0,15034.57,96440.85,0.7164,OK
2026-04-02,SaaS,875893,419,0,21862.29,96440.85,0.7164,OK
2026-04-02,PublicSector,508564,543,0,9520.32,96440.85,0.7164,OK
2026-04-02,Manufacturing,558277,486,0,11612.16,96440.85,0.7164,OK
2026-04-03,Finance,1475824,421,1,49115.42,88648.38,0.7064,OK
2026-04-03,Healthcare,824421,465,0,22292.34,88648.38,0.7064,OK
2026-04-03,Retail,664895,500,0,14521.31,88648.38,0.7064,OK
2026-04-03,SaaS,812729,426,0,20285.72,88648.38,0.7064,OK
2026-04-03,PublicSector,446548,557,0,8359.38,88648.38,0.7064,OK
2026-04-03,Manufacturing,575161,491,0,11963.35,88648.38,0.7064,OK
2026-04-04,Finance,1120081,381,0,37276.3,91993.58,0.7064,OK
2026-04-04,Healthcare,673687,423,0,18216.5,91993.58,0.7064,OK
2026-04-04,Retail,488440,498,0,10667.53,91993.58,0.7064,OK
2026-04-04,SaaS,714223,410,0,17827.01,91993.58,0.7064,OK
2026-04-04,PublicSector,453181,559,0,8483.55,91993.58,0.7064,OK
2026-04-04,Manufacturing,460144,488,0,9571.0,91993.58,0.7064,OK
2026-04-05,Finance,1130154,398,0,37611.53,89414.84,0.7155,OK
2026-04-05,Healthcare,686887,454,0,18573.42,89414.84,0.7155,OK
2026-04-05,Retail,585916,504,0,12796.41,89414.84,0.7155,OK
2026-04-05,SaaS,634571,449,0,15838.89,89414.84,0.7155,OK
2026-04-05,PublicSector,417464,564,0,7814.93,89414.84,0.7155,OK
2026-04-05,Manufacturing,440665,477,0,9165.83,89414.84,0.7155,OK
2026-04-06,Finance,1281865,404,1,42660.47,89848.5,0.6999,OK
2026-04-06,Healthcare,765400,438,1,20696.42,89848.5,0.6999,OK
2026-04-06,Retail,646915,502,0,14128.62,89848.5,0.6999,OK
2026-04-06,SaaS,735524,436,0,18358.68,89848.5,0.6999,OK
2026-04-06,PublicSector,507059,548,0,9492.14,89848.5,0.6999,OK
2026-04-06,Manufacturing,557325,494,0,11592.36,89848.5,0.6999,OK
2026-04-07,Finance,1644831,395,0,54739.98,96412.29,0.7115,OK
2026-04-07,Healthcare,864534,444,0,23377.0,96412.29,0.7115,OK
2026-04-07,Retail,788988,510,1,17231.5,96412.29,0.7115,OK
2026-04-07,SaaS,992597,421,0,24775.22,96412.29,0.7115,OK
2026-04-07,PublicSector,559083,561,0,10466.03,96412.29,0.7115,OK
2026-04-07,Manufacturing,548200,492,0,11402.56,96412.29,0.7115,OK
2026-04-08,Finance,1370911,403,0,45623.92,97272.21,0.706,OK
2026-04-08,Healthcare,978098,462,0,26447.77,97272.21,0.706,OK
2026-04-08,Retail,671784,499,0,14671.76,97272.21,0.706,OK
2026-04-08,SaaS,907371,414,0,22647.98,97272.21,0.706,OK
2026-04-08,PublicSector,589028,552,0,11026.6,97272.21,0.706,OK
2026-04-08,Manufacturing,574986,487,0,11959.71,97272.21,0.706,OK
2026-04-09,Finance,1692027,392,0,56310.66,100723.25,0.7103,OK
2026-04-09,Healthcare,866096,438,0,23419.24,100723.25,0.7103,OK
2026-04-09,Retail,693787,505,0,15152.31,100723.25,0.7103,OK
2026-04-09,SaaS,998683,427,0,24927.13,100723.25,0.7103,OK
2026-04-09,PublicSector,572453,542,0,10716.32,100723.25,0.7103,OK
2026-04-09,Manufacturing,614901,512,0,12789.94,100723.25,0.7103,OK
2026-04-10,Finance,1543919,405,0,51381.62,106474.6,0.7101,OK
2026-04-10,Healthcare,814081,439,0,22012.75,106474.6,0.7101,OK
2026-04-10,Retail,624518,530,0,13639.47,106474.6,0.7101,OK
2026-04-10,SaaS,861991,438,0,21515.3,106474.6,0.7101,OK
2026-04-10,PublicSector,506593,548,0,9483.42,106474.6,0.7101,OK
2026-04-10,Manufacturing,565292,514,1,11758.07,106474.6,0.7101,OK
2026-04-11,Finance,1121515,396,0,37324.02,111019.43,0.7027,OK
2026-04-11,Healthcare,626144,451,0,16930.93,111019.43,0.7027,OK
2026-04-11,Retail,533698,490,0,11655.96,111019.43,0.7027,OK
2026-04-11,SaaS,831732,429,0,20760.03,111019.43,0.7027,OK
2026-04-11,PublicSector,433661,567,0,8118.13,111019.43,0.7027,OK
2026-04-11,Manufacturing,487515,480,0,10140.31,111019.43,0.7027,OK
2026-04-12,Finance,1134107,405,0,37743.08,110971.41,0.7008,OK
2026-04-12,Healthcare,778238,455,0,21043.56,110971.41,0.7008,OK
2026-04-12,Retail,514102,500,0,11227.99,110971.41,0.7008,OK
2026-04-12,SaaS,720458,422,0,17982.63,110971.41,0.7008,OK
2026-04-12,PublicSector,458454,554,0,8582.26,110971.41,0.7008,OK
2026-04-12,Manufacturing,480599,472,0,9996.46,110971.41,0.7008,OK
2026-04-13,Finance,1343233,401,0,44702.79,106348.04,0.7013,OK
2026-04-13,Healthcare,770177,461,0,20825.59,106348.04,0.7013,OK
2026-04-13,Retail,654206,500,0,14287.86,106348.04,0.7013,OK
2026-04-13,SaaS,771618,418,1,19259.59,106348.04,0.7013,OK
2026-04-13,PublicSector,480659,557,0,8997.94,106348.04,0.7013,OK
2026-04-13,Manufacturing,556686,502,0,11579.07,106348.04,0.7013,OK
2026-04-14,Finance,1691792,392,0,56302.84,107375.6,0.7014,OK
2026-04-14,Healthcare,797179,440,0,21555.72,107375.6,0.7014,OK
2026-04-14,Retail,734418,526,0,16039.69,107375.6,0.7014,OK
2026-04-14,SaaS,973919,416,0,24309.02,107375.6,0.7014,OK
2026-04-14,PublicSector,583409,560,0,10921.42,107375.6,0.7014,OK
2026-04-14,Manufacturing,606068,491,0,12606.21,107375.6,0.7014,OK
2026-04-15,Finance,1574094,400,0,52385.85,96456.21,0.7104,OK
2026-04-15,Healthcare,837530,449,0,22646.81,96456.21,0.7104,OK
2026-04-15,Retail,748636,519,0,16350.21,96456.21,0.7104,OK
2026-04-15,SaaS,943953,421,0,23561.07,96456.21,0.7104,OK
2026-04-15,PublicSector,535813,559,0,10030.42,96456.21,0.7104,OK
2026-04-15,Manufacturing,573842,518,0,11935.91,96456.21,0.7104,OK
2026-04-16,Finance,1478805,408,0,49214.63,97043.82,0.7101,OK
2026-04-16,Healthcare,747202,433,0,20204.34,97043.82,0.7101,OK
2026-04-16,Retail,742606,512,0,16218.52,97043.82,0.7101,OK
2026-04-16,SaaS,986516,408,0,24623.44,97043.82,0.7101,OK
2026-04-16,PublicSector,605064,547,0,11326.8,97043.82,0.7101,OK
2026-04-16,Manufacturing,591358,485,0,12300.25,97043.82,0.7101,OK
2026-04-17,Finance,1579528,383,0,52566.69,85993.24,0.7151,OK
2026-04-17,Healthcare,758004,442,0,20496.43,85993.24,0.7151,OK
2026-04-17,Retail,645860,510,0,14105.58,85993.24,0.7151,OK
2026-04-17,SaaS,933444,430,0,23298.76,85993.24,0.7151,OK
2026-04-17,PublicSector,472861,550,0,8851.96,85993.24,0.7151,OK
2026-04-17,Manufacturing,556324,477,0,11571.54,85993.24,0.7151,OK
2026-04-18,Finance,1203422,412,0,40049.88,90747.68,0.7156,OK
2026-04-18,Healthcare,674886,445,0,18248.92,90747.68,0.7156,OK
2026-04-18,Retail,538511,496,0,11761.08,90747.68,0.7156,OK
2026-04-18,SaaS,761745,434,0,19013.16,90747.68,0.7156,OK
2026-04-18,PublicSector,478970,563,0,8966.32,90747.68,0.7156,OK
2026-04-18,Manufacturing,521523,475,0,10847.68,90747.68,0.7156,OK
2026-04-19,Finance,1208387,399,0,40215.12,86446.42,0.7114,OK
2026-04-19,Healthcare,711624,431,0,19242.31,86446.42,0.7114,OK
2026-04-19,Retail,506373,494,0,11059.19,86446.42,0.7114,OK
2026-04-19,SaaS,717801,422,0,17916.31,86446.42,0.7114,OK
2026-04-19,PublicSector,457112,535,0,8557.14,86446.42,0.7114,OK
2026-04-19,Manufacturing,508994,493,0,10587.08,86446.42,0.7114,OK
2026-04-20,Finance,1362037,392,0,45328.59,92943.1,0.7132,OK
2026-04-20,Healthcare,828947,445,0,22414.73,92943.1,0.7132,OK
2026-04-20,Retail,616208,516,0,13457.98,92943.1,0.7132,OK
2026-04-20,SaaS,780956,405,0,19492.66,92943.1,0.7132,OK
2026-04-20,PublicSector,467339,535,0,8748.59,92943.1,0.7132,OK
2026-04-20,Manufacturing,596580,521,0,12408.86,92943.1,0.7132,OK
2026-04-21,Finance,1630827,385,0,54273.92,96466.29,0.711,OK
2026-04-21,Healthcare,865934,444,0,23414.86,96466.29,0.711,OK
2026-04-21,Retail,780660,490,0,17049.61,96466.29,0.711,OK
2026-04-21,SaaS,901766,422,0,22508.08,96466.29,0.711,OK
2026-04-21,PublicSector,528300,541,0,9889.78,96466.29,0.711,OK
2026-04-21,Manufacturing,573411,495,0,11926.95,96466.29,0.711,OK
2026-04-22,Finance,1542771,404,0,51343.42,100733.38,0.7093,OK
2026-04-22,Healthcare,907153,445,0,24529.42,100733.38,0.7093,OK
2026-04-22,Retail,737868,530,0,16115.04,100733.38,0.7093,OK
2026-04-22,SaaS,907042,444,0,22639.77,100733.38,0.7093,OK
2026-04-22,PublicSector,516152,591,0,9662.37,100733.38,0.7093,OK
2026-04-22,Manufacturing,570475,493,0,11865.88,100733.38,0.7093,OK
2026-04-23,Finance,1701201,396,0,56615.97,105923.83,0.705,OK
2026-04-23,Healthcare,864228,446,0,23368.73,105923.83,0.705,OK
2026-04-23,Retail,677543,514,0,14797.54,105923.83,0.705,OK
2026-04-23,SaaS,898349,421,0,22422.79,105923.83,0.705,OK
2026-04-23,PublicSector,575457,558,0,10772.56,105923.83,0.705,OK
2026-04-23,Manufacturing,708210,473,0,14730.77,105923.83,0.705,OK
2026-04-24,Finance,1485217,399,0,49428.02,107436.5,0.7108,OK
2026-04-24,Healthcare,836622,440,0,22622.26,107436.5,0.7108,OK
2026-04-24,Retail,621506,510,0,13573.69,107436.5,0.7108,OK
2026-04-24,SaaS,878729,437,0,21933.08,107436.5,0.7108,OK
2026-04-24,PublicSector,586030,535,0,10970.48,107436.5,0.7108,OK
2026-04-24,Manufacturing,635438,488,0,13217.11,107436.5,0.7108,OK
2026-04-25,Finance,1162789,384,0,38697.62,99842.81,0.7076,OK
2026-04-25,Healthcare,631642,443,0,17079.6,99842.81,0.7076,OK
2026-04-25,Retail,552264,502,0,12061.45,99842.81,0.7076,OK
2026-04-25,SaaS,782030,437,0,19519.47,99842.81,0.7076,OK
2026-04-25,PublicSector,434033,547,0,8125.1,99842.81,0.7076,OK
2026-04-25,Manufacturing,448712,502,0,9333.21,99842.81,0.7076,OK
2026-04-26,Finance,1070613,400,1,35630.0,107153.0,0.7238,OK
2026-04-26,Healthcare,661394,433,0,17884.09,107153.0,0.7238,OK
2026-04-26,Retail,591034,497,0,12908.18,107153.0,0.7238,OK
2026-04-26,SaaS,761192,443,0,18999.35,107153.0,0.7238,OK
2026-04-26,PublicSector,456352,542,0,8542.91,107153.0,0.7238,OK
2026-04-26,Manufacturing,514667,490,0,10705.07,107153.0,0.7238,OK
2026-04-27,Finance,1446076,399,0,48125.41,105949.71,0.7088,OK
2026-04-27,Healthcare,828490,435,0,22402.37,105949.71,0.7088,OK
2026-04-27,Retail,621438,491,0,13572.21,105949.71,0.7088,OK
2026-04-27,SaaS,857418,443,0,21401.15,105949.71,0.7088,OK
2026-04-27,PublicSector,537169,539,0,10055.8,105949.71,0.7088,OK
2026-04-27,Manufacturing,553533,495,0,11513.49,105949.71,0.7088,OK
2026-04-28,Finance,1517682,390,0,50508.46,102452.95,0.7163,OK
2026-04-28,Healthcare,834246,429,0,22558.01,102452.95,0.7163,OK
2026-04-28,Retail,754044,498,0,16468.32,102452.95,0.7163,OK
2026-04-28,SaaS,958329,435,0,23919.89,102452.95,0.7163,OK
2026-04-28,PublicSector,585421,580,1,10959.08,102452.95,0.7163,OK
2026-04-28,Manufacturing,632394,494,0,13153.8,102452.95,0.7163,OK
2026-04-29,Finance,1596447,383,0,53129.76,98513.03,0.7091,OK
2026-04-29,Healthcare,861304,456,1,23289.66,98513.03,0.7091,OK
2026-04-29,Retail,669266,501,0,14616.77,98513.03,0.7091,OK
2026-04-29,SaaS,995213,431,0,24840.52,98513.03,0.7091,OK
2026-04-29,PublicSector,585298,546,0,10956.78,98513.03,0.7091,OK
2026-04-29,Manufacturing,634675,494,0,13201.24,98513.03,0.7091,OK
2026-04-30,Finance,1587121,382,0,52819.39,96601.8,0.7123,OK
2026-04-30,Healthcare,878354,431,0,23750.69,96601.8,0.7123,OK
2026-04-30,Retail,685353,510,0,14968.11,96601.8,0.7123,OK
2026-04-30,SaaS,1022863,425,1,25530.66,96601.8,0.7123,OK
2026-04-30,PublicSector,530509,556,0,9931.13,96601.8,0.7123,OK
2026-04-30,Manufacturing,600028,481,0,12480.58,96601.8,0.7123,OK
2026-05-01,Finance,1327215,382,0,44169.72,93118.02,0.7111,OK
2026-05-01,Healthcare,769758,444,0,20814.26,93118.02,0.7111,OK
2026-05-01,Retail,700285,519,0,15294.22,93118.02,0.7111,OK
2026-05-01,SaaS,927772,420,0,23157.19,93118.02,0.7111,OK
2026-05-01,PublicSector,548208,545,0,10262.45,93118.02,0.7111,OK
2026-05-01,Manufacturing,556350,486,0,11572.08,93118.02,0.7111,OK
2026-05-02,Finance,1318433,392,0,43877.45,89240.38,0.7138,OK
2026-05-02,Healthcare,613060,452,0,16577.14,89240.38,0.7138,OK
2026-05-02,Retail,553552,505,0,12089.58,89240.38,0.7138,OK
2026-05-02,SaaS,724951,449,0,18094.78,89240.38,0.7138,OK
2026-05-02,PublicSector,413930,567,0,7748.77,89240.38,0.7138,OK
2026-05-02,Manufacturing,495255,493,0,10301.3,89240.38,0.7138,OK
2026-05-03,Finance,1260705,381,0,41956.26,90585.75,0.7064,OK
2026-05-03,Healthcare,745143,459,0,20148.67,90585.75,0.7064,OK
2026-05-03,Retail,525494,514,0,11476.79,90585.75,0.7064,OK
2026-05-03,SaaS,667116,425,0,16651.22,90585.75,0.7064,OK
2026-05-03,PublicSector,427703,543,0,8006.6,90585.75,0.7064,OK
2026-05-03,Manufacturing,441378,493,0,9180.66,90585.75,0.7064,OK
2026-05-04,Finance,1470882,416,0,48950.95,89210.29,0.7121,OK
2026-05-04,Healthcare,707750,457,0,19137.56,89210.29,0.7121,OK
2026-05-04,Retail,643375,494,0,14051.31,89210.29,0.7121,OK
2026-05-04,SaaS,881068,428,0,21991.46,89210.29,0.7121,OK
2026-05-04,PublicSector,564646,551,0,10570.17,89210.29,0.7121,OK
2026-05-04,Manufacturing,560965,499,0,11668.07,89210.29,0.7121,OK
2026-05-05,Finance,1585297,406,0,52758.68,98202.79,0.7196,OK
2026-05-05,Healthcare,993765,446,0,26871.41,98202.79,0.7196,OK
2026-05-05,Retail,707574,501,0,15453.42,98202.79,0.7196,OK
2026-05-05,SaaS,965764,432,0,24105.47,98202.79,0.7196,OK
2026-05-05,PublicSector,534084,553,0,9998.05,98202.79,0.7196,OK
2026-05-05,Manufacturing,628838,487,0,13079.83,98202.79,0.7196,OK
2026-05-06,Finance,1452791,404,0,48348.88,101338.97,0.714,OK
2026-05-06,Healthcare,792674,423,1,21433.9,101338.97,0.714,OK
2026-05-06,Retail,662686,495,0,14473.06,101338.97,0.714,OK
2026-05-06,SaaS,978330,433,0,24419.12,101338.97,0.714,OK
2026-05-06,PublicSector,603229,552,0,11292.45,101338.97,0.714,OK
2026-05-06,Manufacturing,598966,502,0,12458.49,101338.97,0.714,OK
2026-05-07,Finance,1525268,383,0,50760.92,97948.76,0.7173,OK
2026-05-07,Healthcare,959078,447,0,25933.47,97948.76,0.7173,OK
2026-05-07,Retail,730607,525,0,15956.46,97948.76,0.7173,OK
2026-05-07,SaaS,980421,431,0,24471.31,97948.76,0.7173,OK
2026-05-07,PublicSector,563839,537,0,10555.07,97948.76,0.7173,OK
2026-05-07,Manufacturing,649901,475,0,13517.94,97948.76,0.7173,OK
2026-05-08,Finance,1583515,391,1,52699.38,105702.23,0.7085,OK
2026-05-08,Healthcare,881517,441,0,23836.22,105702.23,0.7085,OK
2026-05-08,Retail,687419,494,0,15013.23,105702.23,0.7085,OK
2026-05-08,SaaS,842427,427,0,21026.98,105702.23,0.7085,OK
2026-05-08,PublicSector,560467,534,0,10491.94,105702.23,0.7085,OK
2026-05-08,Manufacturing,578089,484,0,12024.25,105702.23,0.7085,OK
2026-05-09,Finance,1243850,403,0,41395.33,103823.27,0.7165,OK
2026-05-09,Healthcare,608959,450,0,16466.25,103823.27,0.7165,OK
2026-05-09,Retail,563772,494,1,12312.78,103823.27,0.7165,OK
2026-05-09,SaaS,719866,438,0,17967.86,103823.27,0.7165,OK
2026-05-09,PublicSector,425764,553,0,7970.3,103823.27,0.7165,OK
2026-05-09,Manufacturing,469319,496,0,9761.84,103823.27,0.7165,OK
2026-05-10,Finance,1214078,386,0,40404.52,179529.08,0.707,OK
2026-05-10,Healthcare,691256,429,0,18691.56,179529.08,0.707,OK
2026-05-10,Retail,711294,513,0,15534.66,179529.08,0.707,OK
2026-05-10,SaaS,664313,423,0,16581.25,179529.08,0.707,OK
2026-05-10,PublicSector,456438,542,0,8544.52,179529.08,0.707,OK
2026-05-10,Manufacturing,475604,503,0,9892.56,179529.08,0.707,OK
2026-05-11,Finance,1472227,421,0,48995.71,183538.21,0.7045,OK
2026-05-11,Healthcare,699057,460,2,18902.5,183538.21,0.7045,OK
2026-05-11,Retail,738184,527,1,16121.94,183538.21,0.7045,OK
2026-05-11,SaaS,851448,475,0,21252.14,183538.21,0.7045,OK
2026-05-11,PublicSector,538273,581,0,10076.47,183538.21,0.7045,OK
2026-05-11,Manufacturing,563290,527,0,11716.43,183538.21,0.7045,OK
2026-05-12,Finance,1595854,398,1,53110.02,175721.19,0.7103,OK
2026-05-12,Healthcare,949319,467,1,25669.59,175721.19,0.7103,OK
2026-05-12,Retail,899575,511,0,19646.72,175721.19,0.7103,OK
2026-05-12,SaaS,953694,435,0,23804.2,175721.19,0.7103,OK
2026-05-12,PublicSector,548674,589,0,10271.18,175721.19,0.7103,OK
2026-05-12,Manufacturing,616552,493,0,12824.28,175721.19,0.7103,OK
2026-05-13,Finance,1634286,429,0,54389.04,174537.32,0.7067,OK
2026-05-13,Healthcare,761357,476,2,20587.09,174537.32,0.7067,OK
2026-05-13,Retail,884757,549,0,19323.09,174537.32,0.7067,OK
2026-05-13,SaaS,1052666,456,0,26274.54,174537.32,0.7067,OK
2026-05-13,PublicSector,580747,580,2,10871.58,174537.32,0.7067,OK
2026-05-13,Manufacturing,644962,519,0,13415.21,174537.32,0.7067,OK
2026-05-14,Finance,1562747,397,0,52008.22,98147.89,0.717,OK
2026-05-14,Healthcare,870561,444,0,23539.97,98147.89,0.717,OK
2026-05-14,Retail,812552,494,0,17746.14,98147.89,0.717,OK
2026-05-14,SaaS,914297,427,0,22820.85,98147.89,0.717,OK
2026-05-14,PublicSector,520162,545,0,9737.43,98147.89,0.717,OK
2026-05-14,Manufacturing,634165,483,0,13190.63,98147.89,0.717,OK
2026-05-15,Finance,1378902,401,0,45889.86,97615.73,0.7128,OK
2026-05-15,Healthcare,705895,429,0,19087.4,97615.73,0.7128,OK
2026-05-15,Retail,619467,510,0,13529.16,97615.73,0.7128,OK
2026-05-15,SaaS,895053,431,0,22340.52,97615.73,0.7128,OK
2026-05-15,PublicSector,544862,564,0,10199.82,97615.73,0.7128,OK
2026-05-15,Manufacturing,567485,477,0,11803.69,97615.73,0.7128,OK
2026-05-16,Finance,1242702,401,0,41357.12,94105.8,0.7148,OK
2026-05-16,Healthcare,622253,448,0,16825.72,94105.8,0.7148,OK
2026-05-16,Retail,614994,517,0,13431.47,94105.8,0.7148,OK
2026-05-16,SaaS,661136,440,0,16501.95,94105.8,0.7148,OK
2026-05-16,PublicSector,443336,551,0,8299.25,94105.8,0.7148,OK
2026-05-16,Manufacturing,496145,489,0,10319.82,94105.8,0.7148,OK
2026-05-17,Finance,1284129,402,0,42735.81,89243.24,0.7083,OK
2026-05-17,Healthcare,693597,439,0,18754.86,89243.24,0.7083,OK
2026-05-17,Retail,500124,517,0,10922.71,89243.24,0.7083,OK
2026-05-17,SaaS,685207,448,1,17102.77,89243.24,0.7083,OK
2026-05-17,PublicSector,484907,570,0,9077.46,89243.24,0.7083,OK
2026-05-17,Manufacturing,460652,476,0,9581.56,89243.24,0.7083,OK
2026-05-18,Finance,1439588,381,0,47909.49,94553.27,0.7154,OK
2026-05-18,Healthcare,820574,442,0,22188.32,94553.27,0.7154,OK
2026-05-18,Retail,576839,491,0,12598.16,94553.27,0.7154,OK
2026-05-18,SaaS,932829,439,0,23283.41,94553.27,0.7154,OK
2026-05-18,PublicSector,535019,558,0,10015.56,94553.27,0.7154,OK
2026-05-18,Manufacturing,574550,480,0,11950.64,94553.27,0.7154,OK
2026-05-19,Finance,1591207,395,0,52955.37,97518.48,0.7188,OK
2026-05-19,Healthcare,883879,432,1,23900.09,97518.48,0.7188,OK
2026-05-19,Retail,752400,503,0,16432.42,97518.48,0.7188,OK
2026-05-19,SaaS,941119,412,0,23490.33,97518.48,0.7188,OK
2026-05-19,PublicSector,603019,556,0,11288.52,97518.48,0.7188,OK
2026-05-19,Manufacturing,610548,485,0,12699.4,97518.48,0.7188,OK
2026-05-20,Finance,1575693,399,0,52439.06,101693.26,0.7105,OK
2026-05-20,Healthcare,887201,446,0,23989.92,101693.26,0.7105,OK
2026-05-20,Retail,718938,521,0,15701.61,101693.26,0.7105,OK
2026-05-20,SaaS,970289,430,0,24218.41,101693.26,0.7105,OK
2026-05-20,PublicSector,492332,562,0,9216.46,101693.26,0.7105,OK
2026-05-20,Manufacturing,666911,466,0,13871.75,101693.26,0.7105,OK
2026-05-21,Finance,1673762,397,0,55702.8,99928.58,0.7157,OK
2026-05-21,Healthcare,974725,439,0,26356.56,99928.58,0.7157,OK
2026-05-21,Retail,767471,488,0,16761.57,99928.58,0.7157,OK
2026-05-21,SaaS,969548,439,0,24199.92,99928.58,0.7157,OK
2026-05-21,PublicSector,612170,571,0,11459.82,99928.58,0.7157,OK
2026-05-21,Manufacturing,638281,462,0,13276.24,99928.58,0.7157,OK
2026-05-22,Finance,1401437,403,0,46639.82,112141.6,0.7057,OK
2026-05-22,Healthcare,818993,429,0,22145.57,112141.6,0.7057,OK
2026-05-22,Retail,713222,523,0,15576.77,112141.6,0.7057,OK
2026-05-22,SaaS,825764,413,1,20611.07,112141.6,0.7057,OK
2026-05-22,PublicSector,550463,549,1,10304.67,112141.6,0.7057,OK
2026-05-22,Manufacturing,552774,477,1,11497.7,112141.6,0.7057,OK
2026-05-23,Finance,1435947,387,0,47788.32,107253.01,0.7092,OK
2026-05-23,Healthcare,635334,453,0,17179.43,107253.01,0.7092,OK
2026-05-23,Retail,553063,506,1,12078.9,107253.01,0.7092,OK
2026-05-23,SaaS,782695,422,0,19536.07,107253.01,0.7092,OK
2026-05-23,PublicSector,426412,545,0,7982.43,107253.01,0.7092,OK
2026-05-23,Manufacturing,563792,491,0,11726.87,107253.01,0.7092,OK
2026-05-24,Finance,1275898,420,0,42461.89,107268.28,0.718,OK
2026-05-24,Healthcare,633286,437,0,17124.05,107268.28,0.718,OK
2026-05-24,Retail,598021,509,0,13060.78,107268.28,0.718,OK
2026-05-24,SaaS,703353,423,0,17555.69,107268.28,0.718,OK
2026-05-24,PublicSector,446085,554,0,8350.71,107268.28,0.718,OK
2026-05-24,Manufacturing,541062,504,0,11254.09,107268.28,0.718,OK
2026-05-25,Finance,1604677,414,0,53403.65,108922.54,0.7127,OK
2026-05-25,Healthcare,771158,440,0,20852.11,108922.54,0.7127,OK
2026-05-25,Retail,607660,495,0,13271.29,108922.54,0.7127,OK
2026-05-25,SaaS,859052,444,0,21441.94,108922.54,0.7127,OK
2026-05-25,PublicSector,511649,555,0,9578.07,108922.54,0.7127,OK
2026-05-25,Manufacturing,588087,481,0,12232.21,108922.54,0.7127,OK
2026-05-26,Finance,1436150,398,0,47795.07,104284.85,0.7103,OK
2026-05-26,Healthcare,832350,450,0,22506.74,104284.85,0.7103,OK
2026-05-26,Retail,712502,493,0,15561.04,104284.85,0.7103,OK
2026-05-26,SaaS,1009416,400,0,25195.02,104284.85,0.7103,OK
2026-05-26,PublicSector,578646,560,0,10832.25,104284.85,0.7103,OK
2026-05-26,Manufacturing,668927,501,0,13913.68,104284.85,0.7103,OK
2026-05-27,Finance,1445126,392,0,48093.79,99168.82,0.7117,OK
2026-05-27,Healthcare,903771,445,0,24437.97,99168.82,0.7117,OK
2026-05-27,Retail,634477,523,0,13856.98,99168.82,0.7117,OK
2026-05-27,SaaS,1024143,414,0,25562.61,99168.82,0.7117,OK
2026-05-27,PublicSector,637557,535,0,11935.07,99168.82,0.7117,OK
2026-05-27,Manufacturing,565731,489,0,11767.2,99168.82,0.7117,OK
2026-05-28,Finance,1652017,376,0,54979.13,102620.45,0.7101,OK
2026-05-28,Healthcare,870467,436,1,23537.43,102620.45,0.7101,OK
2026-05-28,Retail,715036,517,0,15616.39,102620.45,0.7101,OK
2026-05-28,SaaS,1011012,406,0,25234.86,102620.45,0.7101,OK
2026-05-28,PublicSector,582334,557,0,10901.29,102620.45,0.7101,OK
2026-05-28,Manufacturing,655053,496,0,13625.1,102620.45,0.7101,OK
2026-05-29,Finance,1537046,369,0,51152.89,91145.25,0.7106,OK
2026-05-29,Healthcare,756842,440,0,20465.01,91145.25,0.7106,OK
2026-05-29,Retail,746546,508,0,16304.56,91145.25,0.7106,OK
2026-05-29,SaaS,1001383,421,0,24994.52,91145.25,0.7106,OK
2026-05-29,PublicSector,539324,560,0,10096.15,91145.25,0.7106,OK
2026-05-29,Manufacturing,644041,460,0,13396.05,91145.25,0.7106,OK
2026-05-30,Finance,1333859,375,0,44390.83,93146.86,0.7099,OK
2026-05-30,Healthcare,624259,444,0,16879.96,93146.86,0.7099,OK
2026-05-30,Retail,609608,519,0,13313.84,93146.86,0.7099,OK
2026-05-30,SaaS,703822,423,0,17567.4,93146.86,0.7099,OK
2026-05-30,PublicSector,442792,551,0,8289.07,93146.86,0.7099,OK
2026-05-30,Manufacturing,476265,502,0,9906.31,93146.86,0.7099,OK
2026-05-31,Finance,1464333,403,0,48733.0,90809.76,0.7134,OK
2026-05-31,Healthcare,624231,428,0,16879.21,90809.76,0.7134,OK
2026-05-31,Retail,603306,496,0,13176.2,90809.76,0.7134,OK
2026-05-31,SaaS,640655,422,0,15990.75,90809.76,0.7134,OK
2026-05-31,PublicSector,411206,554,0,7697.78,90809.76,0.7134,OK
2026-05-31,Manufacturing,477771,487,0,9937.64,90809.76,0.7134,OK
2026-06-01,Finance,1449372,405,1,48235.1,97630.99,0.7157,OK
2026-06-01,Healthcare,763876,425,0,20655.21,97630.99,0.7157,OK
2026-06-01,Retail,592712,489,0,12944.83,97630.99,0.7157,OK
2026-06-01,SaaS,915705,437,0,22856.0,97630.99,0.7157,OK
2026-06-01,PublicSector,458071,551,0,8575.09,97630.99,0.7157,OK
2026-06-01,Manufacturing,606638,469,0,12618.07,97630.99,0.7157,OK
2026-06-02,Finance,1517360,400,0,50497.74,96884.2,0.7087,OK
2026-06-02,Healthcare,897636,445,0,24272.08,96884.2,0.7087,OK
2026-06-02,Retail,790708,512,0,17269.06,96884.2,0.7087,OK
2026-06-02,SaaS,861456,424,0,21501.94,96884.2,0.7087,OK
2026-06-02,PublicSector,575274,553,0,10769.13,96884.2,0.7087,OK
2026-06-02,Manufacturing,589410,481,0,12259.73,96884.2,0.7087,OK
2026-06-03,Finance,1637715,404,0,54503.16,100172.01,0.7131,OK
2026-06-03,Healthcare,810864,442,0,21925.76,100172.01,0.7131,OK
2026-06-03,Retail,717102,506,0,15661.51,100172.01,0.7131,OK
2026-06-03,SaaS,1020057,445,0,25460.62,100172.01,0.7131,OK
2026-06-03,PublicSector,580726,541,0,10871.19,100172.01,0.7131,OK
2026-06-03,Manufacturing,661565,484,0,13760.55,100172.01,0.7131,OK
2026-06-04,Finance,1649994,371,0,54911.8,105876.67,0.7155,OK
2026-06-04,Healthcare,801896,449,0,21683.27,105876.67,0.7155,OK
2026-06-04,Retail,777753,496,0,16986.13,105876.67,0.7155,OK
2026-06-04,SaaS,937548,441,1,23401.2,105876.67,0.7155,OK
2026-06-04,PublicSector,608274,541,0,11386.89,105876.67,0.7155,OK
2026-06-04,Manufacturing,629932,497,0,13102.59,105876.67,0.7155,OK
2026-06-05,Finance,1474003,401,0,49054.82,111804.48,0.7183,OK
2026-06-05,Healthcare,881787,434,0,23843.52,111804.48,0.7183,OK
2026-06-05,Retail,682003,503,0,14894.95,111804.48,0.7183,OK
2026-06-05,SaaS,945056,423,0,23588.6,111804.48,0.7183,OK
2026-06-05,PublicSector,576819,553,0,10798.05,111804.48,0.7183,OK
2026-06-05,Manufacturing,601043,487,1,12501.69,111804.48,0.7183,OK
2026-06-06,Finance,1151037,393,0,38306.51,107531.34,0.7213,OK
2026-06-06,Healthcare,677808,426,0,18327.93,107531.34,0.7213,OK
2026-06-06,Retail,550673,510,0,12026.7,107531.34,0.7213,OK
2026-06-06,SaaS,782716,438,0,19536.59,107531.34,0.7213,OK
2026-06-06,PublicSector,458389,546,0,8581.04,107531.34,0.7213,OK
2026-06-06,Manufacturing,560199,481,0,11652.14,107531.34,0.7213,OK
2026-06-07,Finance,1187223,400,0,39510.78,105508.77,0.7181,OK
2026-06-07,Healthcare,625790,449,0,16921.36,105508.77,0.7181,OK
2026-06-07,Retail,593382,483,0,12959.46,105508.77,0.7181,OK
2026-06-07,SaaS,663851,411,0,16569.72,105508.77,0.7181,OK
2026-06-07,PublicSector,459736,553,0,8606.26,105508.77,0.7181,OK
2026-06-07,Manufacturing,507045,479,0,10546.54,105508.77,0.7181,OK
2026-06-08,Finance,1457079,374,0,48491.59,101460.63,0.7205,OK
2026-06-08,Healthcare,819889,404,0,22169.8,101460.63,0.7205,OK
2026-06-08,Retail,689330,480,0,15054.97,101460.63,0.7205,OK
2026-06-08,SaaS,786484,388,0,19630.64,101460.63,0.7205,OK
2026-06-08,PublicSector,591400,517,0,11071.01,101460.63,0.7205,OK
2026-06-08,Manufacturing,525907,452,0,10938.87,101460.63,0.7205,OK
2026-06-09,Finance,1595340,369,0,53092.92,95673.34,0.704,OK
2026-06-09,Healthcare,847345,418,0,22912.21,95673.34,0.704,OK
2026-06-09,Retail,703554,476,0,15365.62,95673.34,0.704,OK
2026-06-09,SaaS,907751,385,0,22657.46,95673.34,0.704,OK
2026-06-09,PublicSector,586218,514,0,10974.0,95673.34,0.704,OK
2026-06-09,Manufacturing,681200,465,0,14168.96,95673.34,0.704,OK
2026-06-10,Finance,1621738,372,0,53971.44,102091.87,0.7156,OK
2026-06-10,Healthcare,843076,430,0,22796.78,102091.87,0.7156,OK
2026-06-10,Retail,808951,460,0,17667.49,102091.87,0.7156,OK
2026-06-10,SaaS,1082842,403,0,27027.74,102091.87,0.7156,OK
2026-06-10,PublicSector,574932,511,0,10762.73,102091.87,0.7156,OK
2026-06-10,Manufacturing,619517,494,0,12885.95,102091.87,0.7156,OK
2026-06-11,Finance,1790279,381,0,59580.49,96182.42,0.72,OK
2026-06-11,Healthcare,859123,407,0,23230.69,96182.42,0.72,OK
2026-06-11,Retail,723043,487,1,15791.26,96182.42,0.72,OK
2026-06-11,SaaS,1020051,414,0,25460.47,96182.42,0.72,OK
2026-06-11,PublicSector,756101,528,0,14154.21,96182.42,0.72,OK
2026-06-11,Manufacturing,724129,457,0,15061.88,96182.42,0.72,OK
2026-06-12,Finance,1500739,366,0,49944.59,97352.51,0.7115,OK
2026-06-12,Healthcare,728804,412,0,19706.86,97352.51,0.7115,OK
2026-06-12,Retail,685945,486,0,14981.04,97352.51,0.7115,OK
2026-06-12,SaaS,990622,400,0,24725.93,97352.51,0.7115,OK
2026-06-12,PublicSector,549640,535,1,10289.26,97352.51,0.7115,OK
2026-06-12,Manufacturing,660804,483,0,13744.72,97352.51,0.7115,OK
2026-06-13,Finance,1303420,363,1,43377.82,85065.81,0.7096,OK
2026-06-13,Healthcare,676573,415,0,18294.53,85065.81,0.7096,OK
2026-06-13,Retail,547937,479,0,11966.94,85065.81,0.7096,OK
2026-06-13,SaaS,838654,405,0,20932.8,85065.81,0.7096,OK
2026-06-13,PublicSector,447588,518,0,8378.85,85065.81,0.7096,OK
2026-06-13,Manufacturing,559478,459,0,11637.14,85065.81,0.7096,OK
2026-06-14,Finance,1428724,377,0,47547.93,88962.19,0.7078,OK
2026-06-14,Healthcare,810531,431,0,21916.76,88962.19,0.7078,OK
2026-06-14,Retail,548324,489,0,11975.4,88962.19,0.7078,OK
2026-06-14,SaaS,786527,392,0,19631.71,88962.19,0.7078,OK
2026-06-14,PublicSector,420874,521,0,7878.76,88962.19,0.7078,OK
2026-06-14,Manufacturing,530118,477,0,11026.45,88962.19,0.7078,OK
2026-06-15,Finance,1513835,374,0,50380.43,89193.88,0.7125,OK
2026-06-15,Healthcare,866671,419,1,23434.78,89193.88,0.7125,OK
2026-06-15,Retail,636345,480,0,13897.77,89193.88,0.7125,OK
2026-06-15,SaaS,883548,412,0,22053.36,89193.88,0.7125,OK
2026-06-15,PublicSector,525482,535,0,9837.02,89193.88,0.7125,OK
2026-06-15,Manufacturing,605649,442,0,12597.5,89193.88,0.7125,OK
2026-06-16,Finance,1783752,371,0,59363.27,91942.88,0.7178,OK
2026-06-16,Healthcare,1012151,426,0,27368.56,91942.88,0.7178,OK
2026-06-16,Retail,725305,483,0,15840.66,91942.88,0.7178,OK
2026-06-16,SaaS,1068819,409,0,26677.72,91942.88,0.7178,OK
2026-06-16,PublicSector,629913,495,0,11791.97,91942.88,0.7178,OK
2026-06-16,Manufacturing,664444,459,0,13820.44,91942.88,0.7178,OK
2026-06-17,Finance,1817322,363,1,60480.48,100409.99,0.7079,OK
2026-06-17,Healthcare,903536,423,0,24431.61,100409.99,0.7079,OK
2026-06-17,Retail,737616,468,0,16109.53,100409.99,0.7079,OK
2026-06-17,SaaS,963511,405,0,24049.23,100409.99,0.7079,OK
2026-06-17,PublicSector,600575,509,0,11242.76,100409.99,0.7079,OK
2026-06-17,Manufacturing,701033,455,0,14581.49,100409.99,0.7079,OK
2026-06-18,Finance,1845469,378,0,61417.21,98035.55,0.7214,OK
2026-06-18,Healthcare,917788,423,0,24816.99,98035.55,0.7214,OK
2026-06-18,Retail,753305,472,0,16452.18,98035.55,0.7214,OK
2026-06-18,SaaS,922154,403,0,23016.96,98035.55,0.7214,OK
2026-06-18,PublicSector,596083,541,0,11158.67,98035.55,0.7214,OK
2026-06-18,Manufacturing,649903,450,1,13517.98,98035.55,0.7214,OK
2026-06-19,Finance,1519604,365,0,50572.42,102967.75,0.7185,OK
2026-06-19,Healthcare,813367,415,0,21993.44,102967.75,0.7185,OK
2026-06-19,Retail,755792,480,1,16506.5,102967.75,0.7185,OK
2026-06-19,SaaS,1039496,421,0,25945.82,102967.75,0.7185,OK
2026-06-19,PublicSector,540993,545,0,10127.39,102967.75,0.7185,OK
2026-06-19,Manufacturing,628360,458,0,13069.89,102967.75,0.7185,OK
2026-06-20,Finance,1397824,373,0,46519.58,111073.65,0.707,OK
2026-06-20,Healthcare,643298,403,0,17394.78,111073.65,0.707,OK
2026-06-20,Retail,548945,490,0,11988.96,111073.65,0.707,OK
2026-06-20,SaaS,784853,402,0,19589.93,111073.65,0.707,OK
2026-06-20,PublicSector,426725,512,0,7988.29,111073.65,0.707,OK
2026-06-20,Manufacturing,517454,476,0,10763.04,111073.65,0.707,OK
2026-06-21,Finance,1247433,375,0,41514.57,107413.44,0.7121,OK
2026-06-21,Healthcare,624558,400,0,16888.05,107413.44,0.7121,OK
2026-06-21,Retail,614989,464,0,13431.36,107413.44,0.7121,OK
2026-06-21,SaaS,729383,406,0,18205.4,107413.44,0.7121,OK
2026-06-21,PublicSector,443092,541,0,8294.68,107413.44,0.7121,OK
2026-06-21,Manufacturing,556004,492,0,11564.88,107413.44,0.7121,OK
2026-06-22,Finance,1369425,385,0,45574.46,105102.6,0.7179,OK
2026-06-22,Healthcare,860162,418,0,23258.78,105102.6,0.7179,OK
2026-06-22,Retail,735894,482,0,16071.92,105102.6,0.7179,OK
2026-06-22,SaaS,957711,394,0,23904.47,105102.6,0.7179,OK
2026-06-22,PublicSector,543413,539,0,10172.69,105102.6,0.7179,OK
2026-06-22,Manufacturing,609068,460,0,12668.61,105102.6,0.7179,OK
2026-06-23,Finance,1480528,385,0,49271.97,106465.63,0.7127,OK
2026-06-23,Healthcare,918603,412,0,24839.03,106465.63,0.7127,OK
2026-06-23,Retail,784400,496,0,17131.3,106465.63,0.7127,OK
2026-06-23,SaaS,916528,393,0,22876.54,106465.63,0.7127,OK
2026-06-23,PublicSector,643367,526,0,12043.83,106465.63,0.7127,OK
2026-06-23,Manufacturing,688419,490,0,14319.12,106465.63,0.7127,OK
2026-06-24,Finance,1748533,374,0,58191.18,107000.31,0.7089,OK
2026-06-24,Healthcare,823239,422,1,22260.38,107000.31,0.7089,OK
2026-06-24,Retail,753234,485,0,16450.63,107000.31,0.7089,OK
2026-06-24,SaaS,995706,442,0,24852.82,107000.31,0.7089,OK
2026-06-24,PublicSector,568871,544,0,10649.27,107000.31,0.7089,OK
2026-06-24,Manufacturing,649737,474,0,13514.53,107000.31,0.7089,OK
2026-06-25,Finance,1907910,365,0,63495.24,97925.4,0.7116,OK
2026-06-25,Healthcare,991349,416,0,26806.08,97925.4,0.7116,OK
2026-06-25,Retail,815760,486,0,17816.2,97925.4,0.7116,OK
2026-06-25,SaaS,1003987,404,0,25059.52,97925.4,0.7116,OK
2026-06-25,PublicSector,637135,511,0,11927.17,97925.4,0.7116,OK
2026-06-25,Manufacturing,683650,473,0,14219.92,97925.4,0.7116,OK
2026-06-26,Finance,1677007,353,0,55810.79,90762.73,0.7126,OK
2026-06-26,Healthcare,844860,431,0,22845.01,90762.73,0.7126,OK
2026-06-26,Retail,760839,475,0,16616.72,90762.73,0.7126,OK
2026-06-26,SaaS,1008748,381,0,25178.35,90762.73,0.7126,OK
2026-06-26,PublicSector,525271,540,0,9833.07,90762.73,0.7126,OK
2026-06-26,Manufacturing,600897,446,0,12498.66,90762.73,0.7126,OK
2026-06-27,Finance,1269722,358,0,42256.35,88794.18,0.7127,OK
2026-06-27,Healthcare,681163,405,0,18418.65,88794.18,0.7127,OK
2026-06-27,Retail,561101,490,0,12254.45,88794.18,0.7127,OK
2026-06-27,SaaS,761700,386,0,19012.03,88794.18,0.7127,OK
2026-06-27,PublicSector,463386,513,0,8674.59,88794.18,0.7127,OK
2026-06-27,Manufacturing,548010,467,0,11398.61,88794.18,0.7127,OK
2026-06-28,Finance,1229919,353,0,40931.7,102720.81,0.7211,OK
2026-06-28,Healthcare,742507,413,0,20077.39,102720.81,0.7211,OK
2026-06-28,Retail,554832,472,0,12117.53,102720.81,0.7211,OK
2026-06-28,SaaS,782914,387,0,19541.53,102720.81,0.7211,OK
2026-06-28,PublicSector,477440,523,0,8937.68,102720.81,0.7211,OK
2026-06-28,Manufacturing,537357,465,0,11177.03,102720.81,0.7211,OK
2026-06-29,Finance,1715437,390,0,57089.74,92619.48,0.717,OK
2026-06-29,Healthcare,905171,403,0,24475.82,92619.48,0.717,OK
2026-06-29,Retail,750252,465,0,16385.5,92619.48,0.717,OK
2026-06-29,SaaS,941234,401,0,23493.2,92619.48,0.717,OK
2026-06-29,PublicSector,574540,533,0,10755.39,92619.48,0.717,OK
2026-06-29,Manufacturing,584498,469,0,12157.56,92619.48,0.717,OK
2026-06-30,Finance,1579459,371,1,52564.4,96995.96,0.7213,OK
2026-06-30,Healthcare,957475,413,0,25890.12,96995.96,0.7213,OK
2026-06-30,Retail,740212,477,0,16166.23,96995.96,0.7213,OK
2026-06-30,SaaS,1079700,393,0,26949.31,96995.96,0.7213,OK
2026-06-30,PublicSector,549955,514,0,10295.16,96995.96,0.7213,OK
2026-06-30,Manufacturing,676010,452,0,14061.01,96995.96,0.7213,OK
